candidate_id,rank,score_total,status,outer_diameter_mm,cells,groove_depth_mm,h_over_d,sspp_status,carrier_hz,envelope_hz,epsilon_g,crystal_id,crystal_mode_hz,mask,saw_operator,witness_layer_type,readout_methods,top_observables,top_nulls,claim_status
V6C_0240,1,0.676377,BENCH_PRIORITY,288,37,14,0.572516,WELL_FORMED_CANDIDATE,1683456.0,4096.0,1.0,,,ALL_37,NONE,PLANT_FILM,S_PARAMETERS|SIDEBANDS|RAMAN_FTIR,S_PARAMETERS|SIDEBANDS|RAMAN_FTIR,NULL_ALL_ACTIVE_RING|NULL_NO_CRYSTAL_DRIVE|NULL_OFF_FREQUENCY_CRYSTAL,SIMULATION_ESTIMATE
V6C_0241,2,0.676377,BENCH_PRIORITY,288,37,14,0.572516,WELL_FORMED_CANDIDATE,1683456.0,4096.0,1.0,,,ALL_37,NONE,PLANT_FILM,S_PARAMETERS|SIDEBANDS|RAMAN_FTIR,S_PARAMETERS|SIDEBANDS|RAMAN_FTIR,NULL_ALL_ACTIVE_RING|NULL_NO_CRYSTAL_DRIVE|NULL_OFF_FREQUENCY_CRYSTAL,SIMULATION_ESTIMATE
V6C_0242,3,0.676377,BENCH_PRIORITY,288,37,14,0.572516,WELL_FORMED_CANDIDATE,1683456.0,4096.0,1.0,,,ALL_37,NONE,PLANT_FILM,S_PARAMETERS|SIDEBANDS|RAMAN_FTIR,S_PARAMETERS|SIDEBANDS|RAMAN_FTIR,NULL_ALL_ACTIVE_RING|NULL_NO_CRYSTAL_DRIVE|NULL_OFF_FREQUENCY_CRYSTAL,SIMULATION_ESTIMATE
V6C_0243,4,0.676377,BENCH_PRIORITY,288,37,14,0.572516,WELL_FORMED_CANDIDATE,1683456.0,4096.0,1.0,,,ALL_37,NONE,WATER_FILM,S_PARAMETERS|SIDEBANDS|RAMAN_FTIR,S_PARAMETERS|SIDEBANDS|RAMAN_FTIR,NULL_ALL_ACTIVE_RING|NULL_NO_CRYSTAL_DRIVE|NULL_OFF_FREQUENCY_CRYSTAL,SIMULATION_ESTIMATE
V6C_0244,5,0.676377,BENCH_PRIORITY,288,37,14,0.572516,WELL_FORMED_CANDIDATE,1683456.0,4096.0,1.0,,,ALL_37,NONE,WATER_FILM,S_PARAMETERS|SIDEBANDS|RAMAN_FTIR,S_PARAMETERS|SIDEBANDS|RAMAN_FTIR,NULL_ALL_ACTIVE_RING|NULL_NO_CRYSTAL_DRIVE|NULL_OFF_FREQUENCY_CRYSTAL,SIMULATION_ESTIMATE
V6C_0245,6,0.676377,BENCH_PRIORITY,288,37,14,0.572516,WELL_FORMED_CANDIDATE,1683456.0,4096.0,1.0,,,ALL_37,NONE,WATER_FILM,S_PARAMETERS|SIDEBANDS|RAMAN_FTIR,S_PARAMETERS|SIDEBANDS|RAMAN_FTIR,NULL_ALL_ACTIVE_RING|NULL_NO_CRYSTAL_DRIVE|NULL_OFF_FREQUENCY_CRYSTAL,SIMULATION_ESTIMATE
V6C_0246,7,0.676377,BENCH_PRIORITY,288,37,14,0.572516,WELL_FORMED_CANDIDATE,1683456.0,4096.0,1.0,,,ALL_37,NONE,MINERAL_PARTICLE,S_PARAMETERS|SIDEBANDS|RAMAN_FTIR,S_PARAMETERS|SIDEBANDS|RAMAN_FTIR,NULL_ALL_ACTIVE_RING|NULL_NO_CRYSTAL_DRIVE|NULL_OFF_FREQUENCY_CRYSTAL,SIMULATION_ESTIMATE
V6C_0247,8,0.676377,BENCH_PRIORITY,288,37,14,0.572516,WELL_FORMED_CANDIDATE,1683456.0,4096.0,1.0,,,ALL_37,NONE,MINERAL_PARTICLE,S_PARAMETERS|SIDEBANDS|RAMAN_FTIR,S_PARAMETERS|SIDEBANDS|RAMAN_FTIR,NULL_ALL_ACTIVE_RING|NULL_NO_CRYSTAL_DRIVE|NULL_OFF_FREQUENCY_CRYSTAL,SIMULATION_ESTIMATE
V6C_0248,9,0.676377,BENCH_PRIORITY,288,37,14,0.572516,WELL_FORMED_CANDIDATE,1683456.0,4096.0,1.0,,,ALL_37,NONE,MINERAL_PARTICLE,S_PARAMETERS|SIDEBANDS|RAMAN_FTIR,S_PARAMETERS|SIDEBANDS|RAMAN_FTIR,NULL_ALL_ACTIVE_RING|NULL_NO_CRYSTAL_DRIVE|NULL_OFF_FREQUENCY_CRYSTAL,SIMULATION_ESTIMATE
V6C_0249,10,0.676377,BENCH_PRIORITY,288,37,14,0.572516,WELL_FORMED_CANDIDATE,1683456.0,4096.0,1.0,,,ALL_37,NONE,OXIDIZED_RESIDUE,S_PARAMETERS|SIDEBANDS|RAMAN_FTIR,S_PARAMETERS|SIDEBANDS|RAMAN_FTIR,NULL_ALL_ACTIVE_RING|NULL_NO_CRYSTAL_DRIVE|NULL_OFF_FREQUENCY_CRYSTAL,SIMULATION_ESTIMATE
V6C_0250,11,0.676377,BENCH_PRIORITY,288,37,14,0.572516,WELL_FORMED_CANDIDATE,1683456.0,4096.0,1.0,,,ALL_37,NONE,OXIDIZED_RESIDUE,S_PARAMETERS|SIDEBANDS|RAMAN_FTIR,S_PARAMETERS|SIDEBANDS|RAMAN_FTIR,NULL_ALL_ACTIVE_RING|NULL_NO_CRYSTAL_DRIVE|NULL_OFF_FREQUENCY_CRYSTAL,SIMULATION_ESTIMATE
V6C_0251,12,0.676377,BENCH_PRIORITY,288,37,14,0.572516,WELL_FORMED_CANDIDATE,1683456.0,4096.0,1.0,,,ALL_37,NONE,OXIDIZED_RESIDUE,S_PARAMETERS|SIDEBANDS|RAMAN_FTIR,S_PARAMETERS|SIDEBANDS|RAMAN_FTIR,NULL_ALL_ACTIVE_RING|NULL_NO_CRYSTAL_DRIVE|NULL_OFF_FREQUENCY_CRYSTAL,SIMULATION_ESTIMATE
V6C_0252,13,0.656377,BENCH_PRIORITY,288,37,14,0.572516,WELL_FORMED_CANDIDATE,1683456.0,4096.0,1.0,,,ALL_37,NONE,UNKNOWN_SAMPLE,S_PARAMETERS|SIDEBANDS|RAMAN_FTIR,S_PARAMETERS|SIDEBANDS|RAMAN_FTIR,NULL_ALL_ACTIVE_RING|NULL_NO_CRYSTAL_DRIVE|NULL_OFF_FREQUENCY_CRYSTAL,SIMULATION_ESTIMATE
V6C_0253,14,0.656377,BENCH_PRIORITY,288,37,14,0.572516,WELL_FORMED_CANDIDATE,1683456.0,4096.0,1.0,,,ALL_37,NONE,UNKNOWN_SAMPLE,S_PARAMETERS|SIDEBANDS|RAMAN_FTIR,S_PARAMETERS|SIDEBANDS|RAMAN_FTIR,NULL_ALL_ACTIVE_RING|NULL_NO_CRYSTAL_DRIVE|NULL_OFF_FREQUENCY_CRYSTAL,SIMULATION_ESTIMATE
V6C_0254,15,0.656377,BENCH_PRIORITY,288,37,14,0.572516,WELL_FORMED_CANDIDATE,1683456.0,4096.0,1.0,,,ALL_37,NONE,UNKNOWN_SAMPLE,S_PARAMETERS|SIDEBANDS|RAMAN_FTIR,S_PARAMETERS|SIDEBANDS|RAMAN_FTIR,NULL_ALL_ACTIVE_RING|NULL_NO_CRYSTAL_DRIVE|NULL_OFF_FREQUENCY_CRYSTAL,SIMULATION_ESTIMATE
V6C_0213,16,0.636377,BENCH_PRIORITY,288,37,14,0.572516,WELL_FORMED_CANDIDATE,1683456.0,4096.0,1.0,,,ALL_37,COUNTERPROPAGATING_CONVOLVER,NONE,S_PARAMETERS|SIDEBANDS,S_PARAMETERS|SIDEBANDS,NULL_ALL_ACTIVE_RING|NULL_NO_CRYSTAL_DRIVE|NULL_OFF_FREQUENCY_CRYSTAL,SIMULATION_ESTIMATE
V6C_0215,17,0.636377,BENCH_PRIORITY,288,37,14,0.572516,WELL_FORMED_CANDIDATE,1683456.0,4096.0,1.0,,,ALL_37,COUNTERPROPAGATING_CONVOLVER,NONE,S_PARAMETERS|SIDEBANDS,S_PARAMETERS|SIDEBANDS,NULL_ALL_ACTIVE_RING|NULL_NO_CRYSTAL_DRIVE|NULL_OFF_FREQUENCY_CRYSTAL,SIMULATION_ESTIMATE
V6C_0217,18,0.636377,BENCH_PRIORITY,288,37,14,0.572516,WELL_FORMED_CANDIDATE,1683456.0,4096.0,1.0,,,ALL_37,COUNTERPROPAGATING_CONVOLVER,NONE,S_PARAMETERS|SIDEBANDS,S_PARAMETERS|SIDEBANDS,NULL_ALL_ACTIVE_RING|NULL_NO_CRYSTAL_DRIVE|NULL_OFF_FREQUENCY_CRYSTAL,SIMULATION_ESTIMATE
V6C_0219,19,0.636377,BENCH_PRIORITY,288,37,14,0.572516,WELL_FORMED_CANDIDATE,1683456.0,4096.0,1.0,,,ALL_37,COUNTERPROPAGATING_CONVOLVER,NONE,S_PARAMETERS|SIDEBANDS,S_PARAMETERS|SIDEBANDS,NULL_ALL_ACTIVE_RING|NULL_NO_CRYSTAL_DRIVE|NULL_OFF_FREQUENCY_CRYSTAL,SIMULATION_ESTIMATE
V6C_0221,20,0.636377,BENCH_PRIORITY,288,37,14,0.572516,WELL_FORMED_CANDIDATE,1683456.0,4096.0,1.0,,,ALL_37,COUNTERPROPAGATING_CONVOLVER,NONE,S_PARAMETERS|SIDEBANDS,S_PARAMETERS|SIDEBANDS,NULL_ALL_ACTIVE_RING|NULL_NO_CRYSTAL_DRIVE|NULL_OFF_FREQUENCY_CRYSTAL,SIMULATION_ESTIMATE
V6C_0223,21,0.636377,BENCH_PRIORITY,288,37,14,0.572516,WELL_FORMED_CANDIDATE,1683456.0,4096.0,1.0,,,ALL_37,COUNTERPROPAGATING_CONVOLVER,NONE,S_PARAMETERS|SIDEBANDS,S_PARAMETERS|SIDEBANDS,NULL_ALL_ACTIVE_RING|NULL_NO_CRYSTAL_DRIVE|NULL_OFF_FREQUENCY_CRYSTAL,SIMULATION_ESTIMATE
V6C_0225,22,0.636377,BENCH_PRIORITY,288,37,14,0.572516,WELL_FORMED_CANDIDATE,1683456.0,4096.0,1.0,,,ALL_37,COUNTERPROPAGATING_CONVOLVER,NONE,S_PARAMETERS|SIDEBANDS,S_PARAMETERS|SIDEBANDS,NULL_ALL_ACTIVE_RING|NULL_NO_CRYSTAL_DRIVE|NULL_OFF_FREQUENCY_CRYSTAL,SIMULATION_ESTIMATE
V6C_0227,23,0.636377,BENCH_PRIORITY,288,37,14,0.572516,WELL_FORMED_CANDIDATE,1683456.0,4096.0,1.0,,,ALL_37,COUNTERPROPAGATING_CONVOLVER,NONE,S_PARAMETERS|SIDEBANDS,S_PARAMETERS|SIDEBANDS,NULL_ALL_ACTIVE_RING|NULL_NO_CRYSTAL_DRIVE|NULL_OFF_FREQUENCY_CRYSTAL,SIMULATION_ESTIMATE
V6C_0229,24,0.636377,BENCH_PRIORITY,288,37,14,0.572516,WELL_FORMED_CANDIDATE,1683456.0,4096.0,1.0,,,ALL_37,COUNTERPROPAGATING_CONVOLVER,NONE,S_PARAMETERS|SIDEBANDS,S_PARAMETERS|SIDEBANDS,NULL_ALL_ACTIVE_RING|NULL_NO_CRYSTAL_DRIVE|NULL_OFF_FREQUENCY_CRYSTAL,SIMULATION_ESTIMATE
V6C_0231,25,0.636377,BENCH_PRIORITY,288,37,14,0.572516,WELL_FORMED_CANDIDATE,1683456.0,4096.0,1.0,,,ALL_37,COUNTERPROPAGATING_CONVOLVER,NONE,S_PARAMETERS|SIDEBANDS,S_PARAMETERS|SIDEBANDS,NULL_ALL_ACTIVE_RING|NULL_NO_CRYSTAL_DRIVE|NULL_OFF_FREQUENCY_CRYSTAL,SIMULATION_ESTIMATE
V6C_0233,26,0.636377,BENCH_PRIORITY,288,37,14,0.572516,WELL_FORMED_CANDIDATE,1683456.0,4096.0,1.0,,,ALL_37,COUNTERPROPAGATING_CONVOLVER,NONE,S_PARAMETERS|SIDEBANDS,S_PARAMETERS|SIDEBANDS,NULL_ALL_ACTIVE_RING|NULL_NO_CRYSTAL_DRIVE|NULL_OFF_FREQUENCY_CRYSTAL,SIMULATION_ESTIMATE
V6C_0235,27,0.636377,BENCH_PRIORITY,288,37,14,0.572516,WELL_FORMED_CANDIDATE,1683456.0,4096.0,1.0,,,ALL_37,COUNTERPROPAGATING_CONVOLVER,NONE,S_PARAMETERS|SIDEBANDS,S_PARAMETERS|SIDEBANDS,NULL_ALL_ACTIVE_RING|NULL_NO_CRYSTAL_DRIVE|NULL_OFF_FREQUENCY_CRYSTAL,SIMULATION_ESTIMATE
V6C_0214,28,0.626377,BENCH_PRIORITY,288,37,14,0.572516,WELL_FORMED_CANDIDATE,1683456.0,4096.0,1.0,,,ALL_37,GEOMETRY_GUARD_ONLY,NONE,S_PARAMETERS|SIDEBANDS,S_PARAMETERS|SIDEBANDS,NULL_ALL_ACTIVE_RING|NULL_NO_CRYSTAL_DRIVE|NULL_OFF_FREQUENCY_CRYSTAL,SIMULATION_ESTIMATE
V6C_0216,29,0.626377,BENCH_PRIORITY,288,37,14,0.572516,WELL_FORMED_CANDIDATE,1683456.0,4096.0,1.0,,,ALL_37,GEOMETRY_GUARD_ONLY,NONE,S_PARAMETERS|SIDEBANDS,S_PARAMETERS|SIDEBANDS,NULL_ALL_ACTIVE_RING|NULL_NO_CRYSTAL_DRIVE|NULL_OFF_FREQUENCY_CRYSTAL,SIMULATION_ESTIMATE
V6C_0218,30,0.626377,BENCH_PRIORITY,288,37,14,0.572516,WELL_FORMED_CANDIDATE,1683456.0,4096.0,1.0,,,ALL_37,GEOMETRY_GUARD_ONLY,NONE,S_PARAMETERS|SIDEBANDS,S_PARAMETERS|SIDEBANDS,NULL_ALL_ACTIVE_RING|NULL_NO_CRYSTAL_DRIVE|NULL_OFF_FREQUENCY_CRYSTAL,SIMULATION_ESTIMATE
V6C_0220,31,0.626377,BENCH_PRIORITY,288,37,14,0.572516,WELL_FORMED_CANDIDATE,1683456.0,4096.0,1.0,,,ALL_37,GEOMETRY_GUARD_ONLY,NONE,S_PARAMETERS|SIDEBANDS,S_PARAMETERS|SIDEBANDS,NULL_ALL_ACTIVE_RING|NULL_NO_CRYSTAL_DRIVE|NULL_OFF_FREQUENCY_CRYSTAL,SIMULATION_ESTIMATE
V6C_0222,32,0.626377,BENCH_PRIORITY,288,37,14,0.572516,WELL_FORMED_CANDIDATE,1683456.0,4096.0,1.0,,,ALL_37,GEOMETRY_GUARD_ONLY,NONE,S_PARAMETERS|SIDEBANDS,S_PARAMETERS|SIDEBANDS,NULL_ALL_ACTIVE_RING|NULL_NO_CRYSTAL_DRIVE|NULL_OFF_FREQUENCY_CRYSTAL,SIMULATION_ESTIMATE
V6C_0224,33,0.626377,BENCH_PRIORITY,288,37,14,0.572516,WELL_FORMED_CANDIDATE,1683456.0,4096.0,1.0,,,ALL_37,GEOMETRY_GUARD_ONLY,NONE,S_PARAMETERS|SIDEBANDS,S_PARAMETERS|SIDEBANDS,NULL_ALL_ACTIVE_RING|NULL_NO_CRYSTAL_DRIVE|NULL_OFF_FREQUENCY_CRYSTAL,SIMULATION_ESTIMATE
V6C_0226,34,0.626377,BENCH_PRIORITY,288,37,14,0.572516,WELL_FORMED_CANDIDATE,1683456.0,4096.0,1.0,,,ALL_37,GEOMETRY_GUARD_ONLY,NONE,S_PARAMETERS|SIDEBANDS,S_PARAMETERS|SIDEBANDS,NULL_ALL_ACTIVE_RING|NULL_NO_CRYSTAL_DRIVE|NULL_OFF_FREQUENCY_CRYSTAL,SIMULATION_ESTIMATE
V6C_0228,35,0.626377,BENCH_PRIORITY,288,37,14,0.572516,WELL_FORMED_CANDIDATE,1683456.0,4096.0,1.0,,,ALL_37,GEOMETRY_GUARD_ONLY,NONE,S_PARAMETERS|SIDEBANDS,S_PARAMETERS|SIDEBANDS,NULL_ALL_ACTIVE_RING|NULL_NO_CRYSTAL_DRIVE|NULL_OFF_FREQUENCY_CRYSTAL,SIMULATION_ESTIMATE
V6C_0230,36,0.626377,BENCH_PRIORITY,288,37,14,0.572516,WELL_FORMED_CANDIDATE,1683456.0,4096.0,1.0,,,ALL_37,GEOMETRY_GUARD_ONLY,NONE,S_PARAMETERS|SIDEBANDS,S_PARAMETERS|SIDEBANDS,NULL_ALL_ACTIVE_RING|NULL_NO_CRYSTAL_DRIVE|NULL_OFF_FREQUENCY_CRYSTAL,SIMULATION_ESTIMATE
V6C_0232,37,0.626377,BENCH_PRIORITY,288,37,14,0.572516,WELL_FORMED_CANDIDATE,1683456.0,4096.0,1.0,,,ALL_37,GEOMETRY_GUARD_ONLY,NONE,S_PARAMETERS|SIDEBANDS,S_PARAMETERS|SIDEBANDS,NULL_ALL_ACTIVE_RING|NULL_NO_CRYSTAL_DRIVE|NULL_OFF_FREQUENCY_CRYSTAL,SIMULATION_ESTIMATE
V6C_0234,38,0.626377,BENCH_PRIORITY,288,37,14,0.572516,WELL_FORMED_CANDIDATE,1683456.0,4096.0,1.0,,,ALL_37,GEOMETRY_GUARD_ONLY,NONE,S_PARAMETERS|SIDEBANDS,S_PARAMETERS|SIDEBANDS,NULL_ALL_ACTIVE_RING|NULL_NO_CRYSTAL_DRIVE|NULL_OFF_FREQUENCY_CRYSTAL,SIMULATION_ESTIMATE
V6C_0236,39,0.626377,BENCH_PRIORITY,288,37,14,0.572516,WELL_FORMED_CANDIDATE,1683456.0,4096.0,1.0,,,ALL_37,GEOMETRY_GUARD_ONLY,NONE,S_PARAMETERS|SIDEBANDS,S_PARAMETERS|SIDEBANDS,NULL_ALL_ACTIVE_RING|NULL_NO_CRYSTAL_DRIVE|NULL_OFF_FREQUENCY_CRYSTAL,SIMULATION_ESTIMATE
V6C_0237,40,0.556377,BENCH_PRIORITY,288,37,14,0.572516,WELL_FORMED_CANDIDATE,1683456.0,4096.0,1.0,,,ALL_37,NONE,NONE,S_PARAMETERS|SIDEBANDS|RAMAN_FTIR,S_PARAMETERS|SIDEBANDS|RAMAN_FTIR,NULL_ALL_ACTIVE_RING|NULL_NO_CRYSTAL_DRIVE|NULL_OFF_FREQUENCY_CRYSTAL,SIMULATION_ESTIMATE
V6C_0238,41,0.556377,BENCH_PRIORITY,288,37,14,0.572516,WELL_FORMED_CANDIDATE,1683456.0,4096.0,1.0,,,ALL_37,NONE,NONE,S_PARAMETERS|SIDEBANDS|RAMAN_FTIR,S_PARAMETERS|SIDEBANDS|RAMAN_FTIR,NULL_ALL_ACTIVE_RING|NULL_NO_CRYSTAL_DRIVE|NULL_OFF_FREQUENCY_CRYSTAL,SIMULATION_ESTIMATE
V6C_0239,42,0.556377,BENCH_PRIORITY,288,37,14,0.572516,WELL_FORMED_CANDIDATE,1683456.0,4096.0,1.0,,,ALL_37,NONE,NONE,S_PARAMETERS|SIDEBANDS|RAMAN_FTIR,S_PARAMETERS|SIDEBANDS|RAMAN_FTIR,NULL_ALL_ACTIVE_RING|NULL_NO_CRYSTAL_DRIVE|NULL_OFF_FREQUENCY_CRYSTAL,SIMULATION_ESTIMATE
V6C_0021,43,0.5405,MODEL_CANDIDATE,188,37,18,1.12763,WELL_FORMED_CANDIDATE,1683456.0,4096.0,1.0,,,ALL_37,NONE,NONE,S_PARAMETERS|SIDEBANDS|NEAR_FIELD_B,S_PARAMETERS|SIDEBANDS|NEAR_FIELD_B,NULL_ALL_ACTIVE_RING|NULL_NO_CRYSTAL_DRIVE|NULL_OFF_FREQUENCY_CRYSTAL,SIMULATION_ESTIMATE
V6C_0022,44,0.5405,MODEL_CANDIDATE,188,37,18,1.12763,WELL_FORMED_CANDIDATE,1683456.0,4096.0,1.33,,,ALL_37,NONE,NONE,S_PARAMETERS|SIDEBANDS|NEAR_FIELD_B,S_PARAMETERS|SIDEBANDS|NEAR_FIELD_B,NULL_ALL_ACTIVE_RING|NULL_NO_CRYSTAL_DRIVE|NULL_OFF_FREQUENCY_CRYSTAL,SIMULATION_ESTIMATE
V6C_0023,45,0.5405,MODEL_CANDIDATE,188,37,18,1.12763,WELL_FORMED_CANDIDATE,1683456.0,4096.0,2.1,,,ALL_37,NONE,NONE,S_PARAMETERS|SIDEBANDS|NEAR_FIELD_B,S_PARAMETERS|SIDEBANDS|NEAR_FIELD_B,NULL_ALL_ACTIVE_RING|NULL_NO_CRYSTAL_DRIVE|NULL_OFF_FREQUENCY_CRYSTAL,SIMULATION_ESTIMATE
V6C_0024,46,0.5405,MODEL_CANDIDATE,188,37,18,1.12763,WELL_FORMED_CANDIDATE,1683456.0,4096.0,3.8,,,ALL_37,NONE,NONE,S_PARAMETERS|SIDEBANDS|NEAR_FIELD_B,S_PARAMETERS|SIDEBANDS|NEAR_FIELD_B,NULL_ALL_ACTIVE_RING|NULL_NO_CRYSTAL_DRIVE|NULL_OFF_FREQUENCY_CRYSTAL,SIMULATION_ESTIMATE
V6C_0025,47,0.5405,MODEL_CANDIDATE,188,37,18,1.12763,WELL_FORMED_CANDIDATE,1683456.0,4096.0,4.5,,,ALL_37,NONE,NONE,S_PARAMETERS|SIDEBANDS|NEAR_FIELD_B,S_PARAMETERS|SIDEBANDS|NEAR_FIELD_B,NULL_ALL_ACTIVE_RING|NULL_NO_CRYSTAL_DRIVE|NULL_OFF_FREQUENCY_CRYSTAL,SIMULATION_ESTIMATE
V6C_0026,48,0.5405,MODEL_CANDIDATE,188,37,24,1.503506,WELL_FORMED_CANDIDATE,1683456.0,4096.0,1.0,,,ALL_37,NONE,NONE,S_PARAMETERS|SIDEBANDS|NEAR_FIELD_B,S_PARAMETERS|SIDEBANDS|NEAR_FIELD_B,NULL_ALL_ACTIVE_RING|NULL_NO_CRYSTAL_DRIVE|NULL_OFF_FREQUENCY_CRYSTAL,SIMULATION_ESTIMATE
V6C_0027,49,0.5405,MODEL_CANDIDATE,188,37,24,1.503506,WELL_FORMED_CANDIDATE,1683456.0,4096.0,1.33,,,ALL_37,NONE,NONE,S_PARAMETERS|SIDEBANDS|NEAR_FIELD_B,S_PARAMETERS|SIDEBANDS|NEAR_FIELD_B,NULL_ALL_ACTIVE_RING|NULL_NO_CRYSTAL_DRIVE|NULL_OFF_FREQUENCY_CRYSTAL,SIMULATION_ESTIMATE
V6C_0028,50,0.5405,MODEL_CANDIDATE,188,37,24,1.503506,WELL_FORMED_CANDIDATE,1683456.0,4096.0,2.1,,,ALL_37,NONE,NONE,S_PARAMETERS|SIDEBANDS|NEAR_FIELD_B,S_PARAMETERS|SIDEBANDS|NEAR_FIELD_B,NULL_ALL_ACTIVE_RING|NULL_NO_CRYSTAL_DRIVE|NULL_OFF_FREQUENCY_CRYSTAL,SIMULATION_ESTIMATE
V6C_0029,51,0.5405,MODEL_CANDIDATE,188,37,24,1.503506,WELL_FORMED_CANDIDATE,1683456.0,4096.0,3.8,,,ALL_37,NONE,NONE,S_PARAMETERS|SIDEBANDS|NEAR_FIELD_B,S_PARAMETERS|SIDEBANDS|NEAR_FIELD_B,NULL_ALL_ACTIVE_RING|NULL_NO_CRYSTAL_DRIVE|NULL_OFF_FREQUENCY_CRYSTAL,SIMULATION_ESTIMATE
V6C_0030,52,0.5405,MODEL_CANDIDATE,188,37,24,1.503506,WELL_FORMED_CANDIDATE,1683456.0,4096.0,4.5,,,ALL_37,NONE,NONE,S_PARAMETERS|SIDEBANDS|NEAR_FIELD_B,S_PARAMETERS|SIDEBANDS|NEAR_FIELD_B,NULL_ALL_ACTIVE_RING|NULL_NO_CRYSTAL_DRIVE|NULL_OFF_FREQUENCY_CRYSTAL,SIMULATION_ESTIMATE
V6C_0031,53,0.5405,MODEL_CANDIDATE,188,37,32,2.004675,WELL_FORMED_CANDIDATE,1683456.0,4096.0,1.0,,,ALL_37,NONE,NONE,S_PARAMETERS|SIDEBANDS|NEAR_FIELD_B,S_PARAMETERS|SIDEBANDS|NEAR_FIELD_B,NULL_ALL_ACTIVE_RING|NULL_NO_CRYSTAL_DRIVE|NULL_OFF_FREQUENCY_CRYSTAL,SIMULATION_ESTIMATE
V6C_0032,54,0.5405,MODEL_CANDIDATE,188,37,32,2.004675,WELL_FORMED_CANDIDATE,1683456.0,4096.0,1.33,,,ALL_37,NONE,NONE,S_PARAMETERS|SIDEBANDS|NEAR_FIELD_B,S_PARAMETERS|SIDEBANDS|NEAR_FIELD_B,NULL_ALL_ACTIVE_RING|NULL_NO_CRYSTAL_DRIVE|NULL_OFF_FREQUENCY_CRYSTAL,SIMULATION_ESTIMATE
V6C_0033,55,0.5405,MODEL_CANDIDATE,188,37,32,2.004675,WELL_FORMED_CANDIDATE,1683456.0,4096.0,2.1,,,ALL_37,NONE,NONE,S_PARAMETERS|SIDEBANDS|NEAR_FIELD_B,S_PARAMETERS|SIDEBANDS|NEAR_FIELD_B,NULL_ALL_ACTIVE_RING|NULL_NO_CRYSTAL_DRIVE|NULL_OFF_FREQUENCY_CRYSTAL,SIMULATION_ESTIMATE
V6C_0034,56,0.5405,MODEL_CANDIDATE,188,37,32,2.004675,WELL_FORMED_CANDIDATE,1683456.0,4096.0,3.8,,,ALL_37,NONE,NONE,S_PARAMETERS|SIDEBANDS|NEAR_FIELD_B,S_PARAMETERS|SIDEBANDS|NEAR_FIELD_B,NULL_ALL_ACTIVE_RING|NULL_NO_CRYSTAL_DRIVE|NULL_OFF_FREQUENCY_CRYSTAL,SIMULATION_ESTIMATE
V6C_0035,57,0.5405,MODEL_CANDIDATE,188,37,32,2.004675,WELL_FORMED_CANDIDATE,1683456.0,4096.0,4.5,,,ALL_37,NONE,NONE,S_PARAMETERS|SIDEBANDS|NEAR_FIELD_B,S_PARAMETERS|SIDEBANDS|NEAR_FIELD_B,NULL_ALL_ACTIVE_RING|NULL_NO_CRYSTAL_DRIVE|NULL_OFF_FREQUENCY_CRYSTAL,SIMULATION_ESTIMATE
V6C_0071,58,0.5405,MODEL_CANDIDATE,288,37,24,0.981455,WELL_FORMED_CANDIDATE,1683456.0,4096.0,1.0,,,ALL_37,NONE,NONE,S_PARAMETERS|SIDEBANDS|NEAR_FIELD_B,S_PARAMETERS|SIDEBANDS|NEAR_FIELD_B,NULL_ALL_ACTIVE_RING|NULL_NO_CRYSTAL_DRIVE|NULL_OFF_FREQUENCY_CRYSTAL,SIMULATION_ESTIMATE
V6C_0072,59,0.5405,MODEL_CANDIDATE,288,37,24,0.981455,WELL_FORMED_CANDIDATE,1683456.0,4096.0,1.33,,,ALL_37,NONE,NONE,S_PARAMETERS|SIDEBANDS|NEAR_FIELD_B,S_PARAMETERS|SIDEBANDS|NEAR_FIELD_B,NULL_ALL_ACTIVE_RING|NULL_NO_CRYSTAL_DRIVE|NULL_OFF_FREQUENCY_CRYSTAL,SIMULATION_ESTIMATE
V6C_0073,60,0.5405,MODEL_CANDIDATE,288,37,24,0.981455,WELL_FORMED_CANDIDATE,1683456.0,4096.0,2.1,,,ALL_37,NONE,NONE,S_PARAMETERS|SIDEBANDS|NEAR_FIELD_B,S_PARAMETERS|SIDEBANDS|NEAR_FIELD_B,NULL_ALL_ACTIVE_RING|NULL_NO_CRYSTAL_DRIVE|NULL_OFF_FREQUENCY_CRYSTAL,SIMULATION_ESTIMATE
V6C_0074,61,0.5405,MODEL_CANDIDATE,288,37,24,0.981455,WELL_FORMED_CANDIDATE,1683456.0,4096.0,3.8,,,ALL_37,NONE,NONE,S_PARAMETERS|SIDEBANDS|NEAR_FIELD_B,S_PARAMETERS|SIDEBANDS|NEAR_FIELD_B,NULL_ALL_ACTIVE_RING|NULL_NO_CRYSTAL_DRIVE|NULL_OFF_FREQUENCY_CRYSTAL,SIMULATION_ESTIMATE
V6C_0075,62,0.5405,MODEL_CANDIDATE,288,37,24,0.981455,WELL_FORMED_CANDIDATE,1683456.0,4096.0,4.5,,,ALL_37,NONE,NONE,S_PARAMETERS|SIDEBANDS|NEAR_FIELD_B,S_PARAMETERS|SIDEBANDS|NEAR_FIELD_B,NULL_ALL_ACTIVE_RING|NULL_NO_CRYSTAL_DRIVE|NULL_OFF_FREQUENCY_CRYSTAL,SIMULATION_ESTIMATE
V6C_0076,63,0.5405,MODEL_CANDIDATE,288,37,32,1.308607,WELL_FORMED_CANDIDATE,1683456.0,4096.0,1.0,,,ALL_37,NONE,NONE,S_PARAMETERS|SIDEBANDS|NEAR_FIELD_B,S_PARAMETERS|SIDEBANDS|NEAR_FIELD_B,NULL_ALL_ACTIVE_RING|NULL_NO_CRYSTAL_DRIVE|NULL_OFF_FREQUENCY_CRYSTAL,SIMULATION_ESTIMATE
V6C_0077,64,0.5405,MODEL_CANDIDATE,288,37,32,1.308607,WELL_FORMED_CANDIDATE,1683456.0,4096.0,1.33,,,ALL_37,NONE,NONE,S_PARAMETERS|SIDEBANDS|NEAR_FIELD_B,S_PARAMETERS|SIDEBANDS|NEAR_FIELD_B,NULL_ALL_ACTIVE_RING|NULL_NO_CRYSTAL_DRIVE|NULL_OFF_FREQUENCY_CRYSTAL,SIMULATION_ESTIMATE
V6C_0078,65,0.5405,MODEL_CANDIDATE,288,37,32,1.308607,WELL_FORMED_CANDIDATE,1683456.0,4096.0,2.1,,,ALL_37,NONE,NONE,S_PARAMETERS|SIDEBANDS|NEAR_FIELD_B,S_PARAMETERS|SIDEBANDS|NEAR_FIELD_B,NULL_ALL_ACTIVE_RING|NULL_NO_CRYSTAL_DRIVE|NULL_OFF_FREQUENCY_CRYSTAL,SIMULATION_ESTIMATE
V6C_0079,66,0.5405,MODEL_CANDIDATE,288,37,32,1.308607,WELL_FORMED_CANDIDATE,1683456.0,4096.0,3.8,,,ALL_37,NONE,NONE,S_PARAMETERS|SIDEBANDS|NEAR_FIELD_B,S_PARAMETERS|SIDEBANDS|NEAR_FIELD_B,NULL_ALL_ACTIVE_RING|NULL_NO_CRYSTAL_DRIVE|NULL_OFF_FREQUENCY_CRYSTAL,SIMULATION_ESTIMATE
V6C_0080,67,0.5405,MODEL_CANDIDATE,288,37,32,1.308607,WELL_FORMED_CANDIDATE,1683456.0,4096.0,4.5,,,ALL_37,NONE,NONE,S_PARAMETERS|SIDEBANDS|NEAR_FIELD_B,S_PARAMETERS|SIDEBANDS|NEAR_FIELD_B,NULL_ALL_ACTIVE_RING|NULL_NO_CRYSTAL_DRIVE|NULL_OFF_FREQUENCY_CRYSTAL,SIMULATION_ESTIMATE
V6C_0016,68,0.537057,MODEL_CANDIDATE,188,37,14,0.877045,WELL_FORMED_CANDIDATE,1683456.0,4096.0,1.0,,,ALL_37,NONE,NONE,S_PARAMETERS|SIDEBANDS|NEAR_FIELD_B,S_PARAMETERS|SIDEBANDS|NEAR_FIELD_B,NULL_ALL_ACTIVE_RING|NULL_NO_CRYSTAL_DRIVE|NULL_OFF_FREQUENCY_CRYSTAL,SIMULATION_ESTIMATE
V6C_0017,69,0.537057,MODEL_CANDIDATE,188,37,14,0.877045,WELL_FORMED_CANDIDATE,1683456.0,4096.0,1.33,,,ALL_37,NONE,NONE,S_PARAMETERS|SIDEBANDS|NEAR_FIELD_B,S_PARAMETERS|SIDEBANDS|NEAR_FIELD_B,NULL_ALL_ACTIVE_RING|NULL_NO_CRYSTAL_DRIVE|NULL_OFF_FREQUENCY_CRYSTAL,SIMULATION_ESTIMATE
V6C_0018,70,0.537057,MODEL_CANDIDATE,188,37,14,0.877045,WELL_FORMED_CANDIDATE,1683456.0,4096.0,2.1,,,ALL_37,NONE,NONE,S_PARAMETERS|SIDEBANDS|NEAR_FIELD_B,S_PARAMETERS|SIDEBANDS|NEAR_FIELD_B,NULL_ALL_ACTIVE_RING|NULL_NO_CRYSTAL_DRIVE|NULL_OFF_FREQUENCY_CRYSTAL,SIMULATION_ESTIMATE
V6C_0019,71,0.537057,MODEL_CANDIDATE,188,37,14,0.877045,WELL_FORMED_CANDIDATE,1683456.0,4096.0,3.8,,,ALL_37,NONE,NONE,S_PARAMETERS|SIDEBANDS|NEAR_FIELD_B,S_PARAMETERS|SIDEBANDS|NEAR_FIELD_B,NULL_ALL_ACTIVE_RING|NULL_NO_CRYSTAL_DRIVE|NULL_OFF_FREQUENCY_CRYSTAL,SIMULATION_ESTIMATE
V6C_0020,72,0.537057,MODEL_CANDIDATE,188,37,14,0.877045,WELL_FORMED_CANDIDATE,1683456.0,4096.0,4.5,,,ALL_37,NONE,NONE,S_PARAMETERS|SIDEBANDS|NEAR_FIELD_B,S_PARAMETERS|SIDEBANDS|NEAR_FIELD_B,NULL_ALL_ACTIVE_RING|NULL_NO_CRYSTAL_DRIVE|NULL_OFF_FREQUENCY_CRYSTAL,SIMULATION_ESTIMATE
V6C_0121,73,0.5355,MODEL_CANDIDATE,377,37,32,0.999679,WELL_FORMED_CANDIDATE,1683456.0,4096.0,1.0,,,ALL_37,NONE,NONE,S_PARAMETERS|SIDEBANDS|NEAR_FIELD_B,S_PARAMETERS|SIDEBANDS|NEAR_FIELD_B,NULL_ALL_ACTIVE_RING|NULL_NO_CRYSTAL_DRIVE|NULL_OFF_FREQUENCY_CRYSTAL,SIMULATION_ESTIMATE
V6C_0122,74,0.5355,MODEL_CANDIDATE,377,37,32,0.999679,WELL_FORMED_CANDIDATE,1683456.0,4096.0,1.33,,,ALL_37,NONE,NONE,S_PARAMETERS|SIDEBANDS|NEAR_FIELD_B,S_PARAMETERS|SIDEBANDS|NEAR_FIELD_B,NULL_ALL_ACTIVE_RING|NULL_NO_CRYSTAL_DRIVE|NULL_OFF_FREQUENCY_CRYSTAL,SIMULATION_ESTIMATE
V6C_0123,75,0.5355,MODEL_CANDIDATE,377,37,32,0.999679,WELL_FORMED_CANDIDATE,1683456.0,4096.0,2.1,,,ALL_37,NONE,NONE,S_PARAMETERS|SIDEBANDS|NEAR_FIELD_B,S_PARAMETERS|SIDEBANDS|NEAR_FIELD_B,NULL_ALL_ACTIVE_RING|NULL_NO_CRYSTAL_DRIVE|NULL_OFF_FREQUENCY_CRYSTAL,SIMULATION_ESTIMATE
V6C_0124,76,0.5355,MODEL_CANDIDATE,377,37,32,0.999679,WELL_FORMED_CANDIDATE,1683456.0,4096.0,3.8,,,ALL_37,NONE,NONE,S_PARAMETERS|SIDEBANDS|NEAR_FIELD_B,S_PARAMETERS|SIDEBANDS|NEAR_FIELD_B,NULL_ALL_ACTIVE_RING|NULL_NO_CRYSTAL_DRIVE|NULL_OFF_FREQUENCY_CRYSTAL,SIMULATION_ESTIMATE
V6C_0125,77,0.5355,MODEL_CANDIDATE,377,37,32,0.999679,WELL_FORMED_CANDIDATE,1683456.0,4096.0,4.5,,,ALL_37,NONE,NONE,S_PARAMETERS|SIDEBANDS|NEAR_FIELD_B,S_PARAMETERS|SIDEBANDS|NEAR_FIELD_B,NULL_ALL_ACTIVE_RING|NULL_NO_CRYSTAL_DRIVE|NULL_OFF_FREQUENCY_CRYSTAL,SIMULATION_ESTIMATE
V6C_0036,78,0.533,MODEL_CANDIDATE,188,37,48,3.007013,WELL_FORMED_CANDIDATE,1683456.0,4096.0,1.0,,,ALL_37,NONE,NONE,S_PARAMETERS|SIDEBANDS|NEAR_FIELD_B,S_PARAMETERS|SIDEBANDS|NEAR_FIELD_B,NULL_ALL_ACTIVE_RING|NULL_NO_CRYSTAL_DRIVE|NULL_OFF_FREQUENCY_CRYSTAL,SIMULATION_ESTIMATE
V6C_0037,79,0.533,MODEL_CANDIDATE,188,37,48,3.007013,WELL_FORMED_CANDIDATE,1683456.0,4096.0,1.33,,,ALL_37,NONE,NONE,S_PARAMETERS|SIDEBANDS|NEAR_FIELD_B,S_PARAMETERS|SIDEBANDS|NEAR_FIELD_B,NULL_ALL_ACTIVE_RING|NULL_NO_CRYSTAL_DRIVE|NULL_OFF_FREQUENCY_CRYSTAL,SIMULATION_ESTIMATE
V6C_0038,80,0.533,MODEL_CANDIDATE,188,37,48,3.007013,WELL_FORMED_CANDIDATE,1683456.0,4096.0,2.1,,,ALL_37,NONE,NONE,S_PARAMETERS|SIDEBANDS|NEAR_FIELD_B,S_PARAMETERS|SIDEBANDS|NEAR_FIELD_B,NULL_ALL_ACTIVE_RING|NULL_NO_CRYSTAL_DRIVE|NULL_OFF_FREQUENCY_CRYSTAL,SIMULATION_ESTIMATE
V6C_0039,81,0.533,MODEL_CANDIDATE,188,37,48,3.007013,WELL_FORMED_CANDIDATE,1683456.0,4096.0,3.8,,,ALL_37,NONE,NONE,S_PARAMETERS|SIDEBANDS|NEAR_FIELD_B,S_PARAMETERS|SIDEBANDS|NEAR_FIELD_B,NULL_ALL_ACTIVE_RING|NULL_NO_CRYSTAL_DRIVE|NULL_OFF_FREQUENCY_CRYSTAL,SIMULATION_ESTIMATE
V6C_0040,82,0.533,MODEL_CANDIDATE,188,37,48,3.007013,WELL_FORMED_CANDIDATE,1683456.0,4096.0,4.5,,,ALL_37,NONE,NONE,S_PARAMETERS|SIDEBANDS|NEAR_FIELD_B,S_PARAMETERS|SIDEBANDS|NEAR_FIELD_B,NULL_ALL_ACTIVE_RING|NULL_NO_CRYSTAL_DRIVE|NULL_OFF_FREQUENCY_CRYSTAL,SIMULATION_ESTIMATE
V6C_0041,83,0.533,MODEL_CANDIDATE,188,37,64,4.00935,WELL_FORMED_CANDIDATE,1683456.0,4096.0,1.0,,,ALL_37,NONE,NONE,S_PARAMETERS|SIDEBANDS|NEAR_FIELD_B,S_PARAMETERS|SIDEBANDS|NEAR_FIELD_B,NULL_ALL_ACTIVE_RING|NULL_NO_CRYSTAL_DRIVE|NULL_OFF_FREQUENCY_CRYSTAL,SIMULATION_ESTIMATE
V6C_0042,84,0.533,MODEL_CANDIDATE,188,37,64,4.00935,WELL_FORMED_CANDIDATE,1683456.0,4096.0,1.33,,,ALL_37,NONE,NONE,S_PARAMETERS|SIDEBANDS|NEAR_FIELD_B,S_PARAMETERS|SIDEBANDS|NEAR_FIELD_B,NULL_ALL_ACTIVE_RING|NULL_NO_CRYSTAL_DRIVE|NULL_OFF_FREQUENCY_CRYSTAL,SIMULATION_ESTIMATE
V6C_0043,85,0.533,MODEL_CANDIDATE,188,37,64,4.00935,WELL_FORMED_CANDIDATE,1683456.0,4096.0,2.1,,,ALL_37,NONE,NONE,S_PARAMETERS|SIDEBANDS|NEAR_FIELD_B,S_PARAMETERS|SIDEBANDS|NEAR_FIELD_B,NULL_ALL_ACTIVE_RING|NULL_NO_CRYSTAL_DRIVE|NULL_OFF_FREQUENCY_CRYSTAL,SIMULATION_ESTIMATE
V6C_0044,86,0.533,MODEL_CANDIDATE,188,37,64,4.00935,WELL_FORMED_CANDIDATE,1683456.0,4096.0,3.8,,,ALL_37,NONE,NONE,S_PARAMETERS|SIDEBANDS|NEAR_FIELD_B,S_PARAMETERS|SIDEBANDS|NEAR_FIELD_B,NULL_ALL_ACTIVE_RING|NULL_NO_CRYSTAL_DRIVE|NULL_OFF_FREQUENCY_CRYSTAL,SIMULATION_ESTIMATE
V6C_0045,87,0.533,MODEL_CANDIDATE,188,37,64,4.00935,WELL_FORMED_CANDIDATE,1683456.0,4096.0,4.5,,,ALL_37,NONE,NONE,S_PARAMETERS|SIDEBANDS|NEAR_FIELD_B,S_PARAMETERS|SIDEBANDS|NEAR_FIELD_B,NULL_ALL_ACTIVE_RING|NULL_NO_CRYSTAL_DRIVE|NULL_OFF_FREQUENCY_CRYSTAL,SIMULATION_ESTIMATE
V6C_0081,88,0.533,MODEL_CANDIDATE,288,37,48,1.962911,WELL_FORMED_CANDIDATE,1683456.0,4096.0,1.0,,,ALL_37,NONE,NONE,S_PARAMETERS|SIDEBANDS|NEAR_FIELD_B,S_PARAMETERS|SIDEBANDS|NEAR_FIELD_B,NULL_ALL_ACTIVE_RING|NULL_NO_CRYSTAL_DRIVE|NULL_OFF_FREQUENCY_CRYSTAL,SIMULATION_ESTIMATE
V6C_0082,89,0.533,MODEL_CANDIDATE,288,37,48,1.962911,WELL_FORMED_CANDIDATE,1683456.0,4096.0,1.33,,,ALL_37,NONE,NONE,S_PARAMETERS|SIDEBANDS|NEAR_FIELD_B,S_PARAMETERS|SIDEBANDS|NEAR_FIELD_B,NULL_ALL_ACTIVE_RING|NULL_NO_CRYSTAL_DRIVE|NULL_OFF_FREQUENCY_CRYSTAL,SIMULATION_ESTIMATE
V6C_0083,90,0.533,MODEL_CANDIDATE,288,37,48,1.962911,WELL_FORMED_CANDIDATE,1683456.0,4096.0,2.1,,,ALL_37,NONE,NONE,S_PARAMETERS|SIDEBANDS|NEAR_FIELD_B,S_PARAMETERS|SIDEBANDS|NEAR_FIELD_B,NULL_ALL_ACTIVE_RING|NULL_NO_CRYSTAL_DRIVE|NULL_OFF_FREQUENCY_CRYSTAL,SIMULATION_ESTIMATE
V6C_0084,91,0.533,MODEL_CANDIDATE,288,37,48,1.962911,WELL_FORMED_CANDIDATE,1683456.0,4096.0,3.8,,,ALL_37,NONE,NONE,S_PARAMETERS|SIDEBANDS|NEAR_FIELD_B,S_PARAMETERS|SIDEBANDS|NEAR_FIELD_B,NULL_ALL_ACTIVE_RING|NULL_NO_CRYSTAL_DRIVE|NULL_OFF_FREQUENCY_CRYSTAL,SIMULATION_ESTIMATE
V6C_0085,92,0.533,MODEL_CANDIDATE,288,37,48,1.962911,WELL_FORMED_CANDIDATE,1683456.0,4096.0,4.5,,,ALL_37,NONE,NONE,S_PARAMETERS|SIDEBANDS|NEAR_FIELD_B,S_PARAMETERS|SIDEBANDS|NEAR_FIELD_B,NULL_ALL_ACTIVE_RING|NULL_NO_CRYSTAL_DRIVE|NULL_OFF_FREQUENCY_CRYSTAL,SIMULATION_ESTIMATE
V6C_0086,93,0.533,MODEL_CANDIDATE,288,37,64,2.617215,WELL_FORMED_CANDIDATE,1683456.0,4096.0,1.0,,,ALL_37,NONE,NONE,S_PARAMETERS|SIDEBANDS|NEAR_FIELD_B,S_PARAMETERS|SIDEBANDS|NEAR_FIELD_B,NULL_ALL_ACTIVE_RING|NULL_NO_CRYSTAL_DRIVE|NULL_OFF_FREQUENCY_CRYSTAL,SIMULATION_ESTIMATE
V6C_0087,94,0.533,MODEL_CANDIDATE,288,37,64,2.617215,WELL_FORMED_CANDIDATE,1683456.0,4096.0,1.33,,,ALL_37,NONE,NONE,S_PARAMETERS|SIDEBANDS|NEAR_FIELD_B,S_PARAMETERS|SIDEBANDS|NEAR_FIELD_B,NULL_ALL_ACTIVE_RING|NULL_NO_CRYSTAL_DRIVE|NULL_OFF_FREQUENCY_CRYSTAL,SIMULATION_ESTIMATE
V6C_0088,95,0.533,MODEL_CANDIDATE,288,37,64,2.617215,WELL_FORMED_CANDIDATE,1683456.0,4096.0,2.1,,,ALL_37,NONE,NONE,S_PARAMETERS|SIDEBANDS|NEAR_FIELD_B,S_PARAMETERS|SIDEBANDS|NEAR_FIELD_B,NULL_ALL_ACTIVE_RING|NULL_NO_CRYSTAL_DRIVE|NULL_OFF_FREQUENCY_CRYSTAL,SIMULATION_ESTIMATE
V6C_0089,96,0.533,MODEL_CANDIDATE,288,37,64,2.617215,WELL_FORMED_CANDIDATE,1683456.0,4096.0,3.8,,,ALL_37,NONE,NONE,S_PARAMETERS|SIDEBANDS|NEAR_FIELD_B,S_PARAMETERS|SIDEBANDS|NEAR_FIELD_B,NULL_ALL_ACTIVE_RING|NULL_NO_CRYSTAL_DRIVE|NULL_OFF_FREQUENCY_CRYSTAL,SIMULATION_ESTIMATE
V6C_0090,97,0.533,MODEL_CANDIDATE,288,37,64,2.617215,WELL_FORMED_CANDIDATE,1683456.0,4096.0,4.5,,,ALL_37,NONE,NONE,S_PARAMETERS|SIDEBANDS|NEAR_FIELD_B,S_PARAMETERS|SIDEBANDS|NEAR_FIELD_B,NULL_ALL_ACTIVE_RING|NULL_NO_CRYSTAL_DRIVE|NULL_OFF_FREQUENCY_CRYSTAL,SIMULATION_ESTIMATE
V6C_0204,98,0.528818,MEASUREMENT_CANDIDATE,288,37,14,0.572516,WELL_FORMED_CANDIDATE,17367.72,4096.0,1.0,SALE_HIMALAYAN_12SIDED_125MM,17367.72,ALL_37,NONE,NONE,S_PARAMETERS|SIDEBANDS|VIBRATION,S_PARAMETERS|SIDEBANDS|VIBRATION,NULL_ALL_ACTIVE_RING|NULL_NO_CRYSTAL_DRIVE|NULL_OFF_FREQUENCY_CRYSTAL,SIMULATION_ESTIMATE
V6C_0205,99,0.528818,MEASUREMENT_CANDIDATE,288,37,14,0.572516,WELL_FORMED_CANDIDATE,17367.72,4096.0,1.0,SALE_HIMALAYAN_12SIDED_125MM,17367.72,ALL_37,NONE,NONE,S_PARAMETERS|SIDEBANDS|VIBRATION,S_PARAMETERS|SIDEBANDS|VIBRATION,NULL_ALL_ACTIVE_RING|NULL_NO_CRYSTAL_DRIVE|NULL_OFF_FREQUENCY_CRYSTAL,SIMULATION_ESTIMATE
V6C_0206,100,0.528818,MODEL_CANDIDATE,288,37,14,0.572516,WELL_FORMED_CANDIDATE,17367.72,4096.0,1.0,SALE_HIMALAYAN_12SIDED_125MM,17367.72,ALL_37,NONE,NONE,S_PARAMETERS|SIDEBANDS|VIBRATION,S_PARAMETERS|SIDEBANDS|VIBRATION,NULL_ALL_ACTIVE_RING|NULL_NO_CRYSTAL_DRIVE|NULL_OFF_FREQUENCY_CRYSTAL,SIMULATION_ESTIMATE
V6C_0256,101,0.528377,MODEL_CANDIDATE,288,37,14,0.572516,WELL_FORMED_CANDIDATE,1683456.0,4096.0,1.0,,,ALL_37,NONE,NONE,ATR,ATR,NULL_ALL_ACTIVE_RING|NULL_NO_CRYSTAL_DRIVE|NULL_OFF_FREQUENCY_CRYSTAL,SIMULATION_ESTIMATE
V6C_0257,102,0.528377,MODEL_CANDIDATE,288,37,14,0.572516,WELL_FORMED_CANDIDATE,1683456.0,4096.0,1.0,,,ALL_37,NONE,NONE,S_SNOM,S_SNOM,NULL_ALL_ACTIVE_RING|NULL_NO_CRYSTAL_DRIVE|NULL_OFF_FREQUENCY_CRYSTAL,SIMULATION_ESTIMATE
V6C_0261,103,0.528377,MODEL_CANDIDATE,288,37,14,0.572516,WELL_FORMED_CANDIDATE,1683456.0,4096.0,1.0,,,ALL_37,NONE,NONE,ATR,ATR,NULL_ALL_ACTIVE_RING|NULL_NO_CRYSTAL_DRIVE|NULL_OFF_FREQUENCY_CRYSTAL,SIMULATION_ESTIMATE
V6C_0262,104,0.528377,MODEL_CANDIDATE,288,37,14,0.572516,WELL_FORMED_CANDIDATE,1683456.0,4096.0,1.0,,,ALL_37,NONE,NONE,S_SNOM,S_SNOM,NULL_ALL_ACTIVE_RING|NULL_NO_CRYSTAL_DRIVE|NULL_OFF_FREQUENCY_CRYSTAL,SIMULATION_ESTIMATE
V6C_0126,105,0.528,MODEL_CANDIDATE,377,37,48,1.499518,WELL_FORMED_CANDIDATE,1683456.0,4096.0,1.0,,,ALL_37,NONE,NONE,S_PARAMETERS|SIDEBANDS|NEAR_FIELD_B,S_PARAMETERS|SIDEBANDS|NEAR_FIELD_B,NULL_ALL_ACTIVE_RING|NULL_NO_CRYSTAL_DRIVE|NULL_OFF_FREQUENCY_CRYSTAL,SIMULATION_ESTIMATE
V6C_0127,106,0.528,MODEL_CANDIDATE,377,37,48,1.499518,WELL_FORMED_CANDIDATE,1683456.0,4096.0,1.33,,,ALL_37,NONE,NONE,S_PARAMETERS|SIDEBANDS|NEAR_FIELD_B,S_PARAMETERS|SIDEBANDS|NEAR_FIELD_B,NULL_ALL_ACTIVE_RING|NULL_NO_CRYSTAL_DRIVE|NULL_OFF_FREQUENCY_CRYSTAL,SIMULATION_ESTIMATE
V6C_0128,107,0.528,MODEL_CANDIDATE,377,37,48,1.499518,WELL_FORMED_CANDIDATE,1683456.0,4096.0,2.1,,,ALL_37,NONE,NONE,S_PARAMETERS|SIDEBANDS|NEAR_FIELD_B,S_PARAMETERS|SIDEBANDS|NEAR_FIELD_B,NULL_ALL_ACTIVE_RING|NULL_NO_CRYSTAL_DRIVE|NULL_OFF_FREQUENCY_CRYSTAL,SIMULATION_ESTIMATE
V6C_0129,108,0.528,MODEL_CANDIDATE,377,37,48,1.499518,WELL_FORMED_CANDIDATE,1683456.0,4096.0,3.8,,,ALL_37,NONE,NONE,S_PARAMETERS|SIDEBANDS|NEAR_FIELD_B,S_PARAMETERS|SIDEBANDS|NEAR_FIELD_B,NULL_ALL_ACTIVE_RING|NULL_NO_CRYSTAL_DRIVE|NULL_OFF_FREQUENCY_CRYSTAL,SIMULATION_ESTIMATE
V6C_0130,109,0.528,MODEL_CANDIDATE,377,37,48,1.499518,WELL_FORMED_CANDIDATE,1683456.0,4096.0,4.5,,,ALL_37,NONE,NONE,S_PARAMETERS|SIDEBANDS|NEAR_FIELD_B,S_PARAMETERS|SIDEBANDS|NEAR_FIELD_B,NULL_ALL_ACTIVE_RING|NULL_NO_CRYSTAL_DRIVE|NULL_OFF_FREQUENCY_CRYSTAL,SIMULATION_ESTIMATE
V6C_0131,110,0.528,MODEL_CANDIDATE,377,37,64,1.999358,WELL_FORMED_CANDIDATE,1683456.0,4096.0,1.0,,,ALL_37,NONE,NONE,S_PARAMETERS|SIDEBANDS|NEAR_FIELD_B,S_PARAMETERS|SIDEBANDS|NEAR_FIELD_B,NULL_ALL_ACTIVE_RING|NULL_NO_CRYSTAL_DRIVE|NULL_OFF_FREQUENCY_CRYSTAL,SIMULATION_ESTIMATE
V6C_0132,111,0.528,MODEL_CANDIDATE,377,37,64,1.999358,WELL_FORMED_CANDIDATE,1683456.0,4096.0,1.33,,,ALL_37,NONE,NONE,S_PARAMETERS|SIDEBANDS|NEAR_FIELD_B,S_PARAMETERS|SIDEBANDS|NEAR_FIELD_B,NULL_ALL_ACTIVE_RING|NULL_NO_CRYSTAL_DRIVE|NULL_OFF_FREQUENCY_CRYSTAL,SIMULATION_ESTIMATE
V6C_0133,112,0.528,MODEL_CANDIDATE,377,37,64,1.999358,WELL_FORMED_CANDIDATE,1683456.0,4096.0,2.1,,,ALL_37,NONE,NONE,S_PARAMETERS|SIDEBANDS|NEAR_FIELD_B,S_PARAMETERS|SIDEBANDS|NEAR_FIELD_B,NULL_ALL_ACTIVE_RING|NULL_NO_CRYSTAL_DRIVE|NULL_OFF_FREQUENCY_CRYSTAL,SIMULATION_ESTIMATE
V6C_0134,113,0.528,MODEL_CANDIDATE,377,37,64,1.999358,WELL_FORMED_CANDIDATE,1683456.0,4096.0,3.8,,,ALL_37,NONE,NONE,S_PARAMETERS|SIDEBANDS|NEAR_FIELD_B,S_PARAMETERS|SIDEBANDS|NEAR_FIELD_B,NULL_ALL_ACTIVE_RING|NULL_NO_CRYSTAL_DRIVE|NULL_OFF_FREQUENCY_CRYSTAL,SIMULATION_ESTIMATE
V6C_0135,114,0.528,MODEL_CANDIDATE,377,37,64,1.999358,WELL_FORMED_CANDIDATE,1683456.0,4096.0,4.5,,,ALL_37,NONE,NONE,S_PARAMETERS|SIDEBANDS|NEAR_FIELD_B,S_PARAMETERS|SIDEBANDS|NEAR_FIELD_B,NULL_ALL_ACTIVE_RING|NULL_NO_CRYSTAL_DRIVE|NULL_OFF_FREQUENCY_CRYSTAL,SIMULATION_ESTIMATE
V6C_0171,115,0.52425,MODEL_CANDIDATE,466,37,48,1.21313,WELL_FORMED_CANDIDATE,1683456.0,4096.0,1.0,,,ALL_37,NONE,NONE,S_PARAMETERS|SIDEBANDS|NEAR_FIELD_B,S_PARAMETERS|SIDEBANDS|NEAR_FIELD_B,NULL_ALL_ACTIVE_RING|NULL_NO_CRYSTAL_DRIVE|NULL_OFF_FREQUENCY_CRYSTAL,SIMULATION_ESTIMATE
V6C_0172,116,0.52425,MODEL_CANDIDATE,466,37,48,1.21313,WELL_FORMED_CANDIDATE,1683456.0,4096.0,1.33,,,ALL_37,NONE,NONE,S_PARAMETERS|SIDEBANDS|NEAR_FIELD_B,S_PARAMETERS|SIDEBANDS|NEAR_FIELD_B,NULL_ALL_ACTIVE_RING|NULL_NO_CRYSTAL_DRIVE|NULL_OFF_FREQUENCY_CRYSTAL,SIMULATION_ESTIMATE
V6C_0173,117,0.52425,MODEL_CANDIDATE,466,37,48,1.21313,WELL_FORMED_CANDIDATE,1683456.0,4096.0,2.1,,,ALL_37,NONE,NONE,S_PARAMETERS|SIDEBANDS|NEAR_FIELD_B,S_PARAMETERS|SIDEBANDS|NEAR_FIELD_B,NULL_ALL_ACTIVE_RING|NULL_NO_CRYSTAL_DRIVE|NULL_OFF_FREQUENCY_CRYSTAL,SIMULATION_ESTIMATE
V6C_0174,118,0.52425,MODEL_CANDIDATE,466,37,48,1.21313,WELL_FORMED_CANDIDATE,1683456.0,4096.0,3.8,,,ALL_37,NONE,NONE,S_PARAMETERS|SIDEBANDS|NEAR_FIELD_B,S_PARAMETERS|SIDEBANDS|NEAR_FIELD_B,NULL_ALL_ACTIVE_RING|NULL_NO_CRYSTAL_DRIVE|NULL_OFF_FREQUENCY_CRYSTAL,SIMULATION_ESTIMATE
V6C_0175,119,0.52425,MODEL_CANDIDATE,466,37,48,1.21313,WELL_FORMED_CANDIDATE,1683456.0,4096.0,4.5,,,ALL_37,NONE,NONE,S_PARAMETERS|SIDEBANDS|NEAR_FIELD_B,S_PARAMETERS|SIDEBANDS|NEAR_FIELD_B,NULL_ALL_ACTIVE_RING|NULL_NO_CRYSTAL_DRIVE|NULL_OFF_FREQUENCY_CRYSTAL,SIMULATION_ESTIMATE
V6C_0176,120,0.52425,MODEL_CANDIDATE,466,37,64,1.617506,WELL_FORMED_CANDIDATE,1683456.0,4096.0,1.0,,,ALL_37,NONE,NONE,S_PARAMETERS|SIDEBANDS|NEAR_FIELD_B,S_PARAMETERS|SIDEBANDS|NEAR_FIELD_B,NULL_ALL_ACTIVE_RING|NULL_NO_CRYSTAL_DRIVE|NULL_OFF_FREQUENCY_CRYSTAL,SIMULATION_ESTIMATE
V6C_0177,121,0.52425,MODEL_CANDIDATE,466,37,64,1.617506,WELL_FORMED_CANDIDATE,1683456.0,4096.0,1.33,,,ALL_37,NONE,NONE,S_PARAMETERS|SIDEBANDS|NEAR_FIELD_B,S_PARAMETERS|SIDEBANDS|NEAR_FIELD_B,NULL_ALL_ACTIVE_RING|NULL_NO_CRYSTAL_DRIVE|NULL_OFF_FREQUENCY_CRYSTAL,SIMULATION_ESTIMATE
V6C_0178,122,0.52425,MODEL_CANDIDATE,466,37,64,1.617506,WELL_FORMED_CANDIDATE,1683456.0,4096.0,2.1,,,ALL_37,NONE,NONE,S_PARAMETERS|SIDEBANDS|NEAR_FIELD_B,S_PARAMETERS|SIDEBANDS|NEAR_FIELD_B,NULL_ALL_ACTIVE_RING|NULL_NO_CRYSTAL_DRIVE|NULL_OFF_FREQUENCY_CRYSTAL,SIMULATION_ESTIMATE
V6C_0179,123,0.52425,MODEL_CANDIDATE,466,37,64,1.617506,WELL_FORMED_CANDIDATE,1683456.0,4096.0,3.8,,,ALL_37,NONE,NONE,S_PARAMETERS|SIDEBANDS|NEAR_FIELD_B,S_PARAMETERS|SIDEBANDS|NEAR_FIELD_B,NULL_ALL_ACTIVE_RING|NULL_NO_CRYSTAL_DRIVE|NULL_OFF_FREQUENCY_CRYSTAL,SIMULATION_ESTIMATE
V6C_0180,124,0.52425,MODEL_CANDIDATE,466,37,64,1.617506,WELL_FORMED_CANDIDATE,1683456.0,4096.0,4.5,,,ALL_37,NONE,NONE,S_PARAMETERS|SIDEBANDS|NEAR_FIELD_B,S_PARAMETERS|SIDEBANDS|NEAR_FIELD_B,NULL_ALL_ACTIVE_RING|NULL_NO_CRYSTAL_DRIVE|NULL_OFF_FREQUENCY_CRYSTAL,SIMULATION_ESTIMATE
V6C_0258,125,0.523377,MODEL_CANDIDATE,288,37,14,0.572516,WELL_FORMED_CANDIDATE,1683456.0,4096.0,1.0,,,ALL_37,NONE,NONE,THYR_FUTURE,THYR_FUTURE,NULL_ALL_ACTIVE_RING|NULL_NO_CRYSTAL_DRIVE|NULL_OFF_FREQUENCY_CRYSTAL,SIMULATION_ESTIMATE
V6C_0259,126,0.523377,MODEL_CANDIDATE,288,37,14,0.572516,WELL_FORMED_CANDIDATE,1683456.0,4096.0,1.0,,,ALL_37,NONE,NONE,RAMAN_FTIR,RAMAN_FTIR,NULL_ALL_ACTIVE_RING|NULL_NO_CRYSTAL_DRIVE|NULL_OFF_FREQUENCY_CRYSTAL,SIMULATION_ESTIMATE
V6C_0263,127,0.523377,MODEL_CANDIDATE,288,37,14,0.572516,WELL_FORMED_CANDIDATE,1683456.0,4096.0,1.0,,,ALL_37,NONE,NONE,THYR_FUTURE,THYR_FUTURE,NULL_ALL_ACTIVE_RING|NULL_NO_CRYSTAL_DRIVE|NULL_OFF_FREQUENCY_CRYSTAL,SIMULATION_ESTIMATE
V6C_0264,128,0.523377,MODEL_CANDIDATE,288,37,14,0.572516,WELL_FORMED_CANDIDATE,1683456.0,4096.0,1.0,,,ALL_37,NONE,NONE,RAMAN_FTIR,RAMAN_FTIR,NULL_ALL_ACTIVE_RING|NULL_NO_CRYSTAL_DRIVE|NULL_OFF_FREQUENCY_CRYSTAL,SIMULATION_ESTIMATE
V6C_0012,129,0.518263,MODEL_CANDIDATE,188,37,12,0.751753,WELL_FORMED_CANDIDATE,1683456.0,4096.0,1.33,,,ALL_37,NONE,NONE,S_PARAMETERS|SIDEBANDS|NEAR_FIELD_B,S_PARAMETERS|SIDEBANDS|NEAR_FIELD_B,NULL_ALL_ACTIVE_RING|NULL_NO_CRYSTAL_DRIVE|NULL_OFF_FREQUENCY_CRYSTAL,SIMULATION_ESTIMATE
V6C_0013,130,0.518263,MODEL_CANDIDATE,188,37,12,0.751753,WELL_FORMED_CANDIDATE,1683456.0,4096.0,2.1,,,ALL_37,NONE,NONE,S_PARAMETERS|SIDEBANDS|NEAR_FIELD_B,S_PARAMETERS|SIDEBANDS|NEAR_FIELD_B,NULL_ALL_ACTIVE_RING|NULL_NO_CRYSTAL_DRIVE|NULL_OFF_FREQUENCY_CRYSTAL,SIMULATION_ESTIMATE
V6C_0014,131,0.518263,MODEL_CANDIDATE,188,37,12,0.751753,WELL_FORMED_CANDIDATE,1683456.0,4096.0,3.8,,,ALL_37,NONE,NONE,S_PARAMETERS|SIDEBANDS|NEAR_FIELD_B,S_PARAMETERS|SIDEBANDS|NEAR_FIELD_B,NULL_ALL_ACTIVE_RING|NULL_NO_CRYSTAL_DRIVE|NULL_OFF_FREQUENCY_CRYSTAL,SIMULATION_ESTIMATE
V6C_0015,132,0.518263,MODEL_CANDIDATE,188,37,12,0.751753,WELL_FORMED_CANDIDATE,1683456.0,4096.0,4.5,,,ALL_37,NONE,NONE,S_PARAMETERS|SIDEBANDS|NEAR_FIELD_B,S_PARAMETERS|SIDEBANDS|NEAR_FIELD_B,NULL_ALL_ACTIVE_RING|NULL_NO_CRYSTAL_DRIVE|NULL_OFF_FREQUENCY_CRYSTAL,SIMULATION_ESTIMATE
V6C_0166,133,0.518063,MODEL_CANDIDATE,466,37,32,0.808753,WELL_FORMED_CANDIDATE,1683456.0,4096.0,1.0,,,ALL_37,NONE,NONE,S_PARAMETERS|SIDEBANDS|NEAR_FIELD_B,S_PARAMETERS|SIDEBANDS|NEAR_FIELD_B,NULL_ALL_ACTIVE_RING|NULL_NO_CRYSTAL_DRIVE|NULL_OFF_FREQUENCY_CRYSTAL,SIMULATION_ESTIMATE
V6C_0167,134,0.518063,MODEL_CANDIDATE,466,37,32,0.808753,WELL_FORMED_CANDIDATE,1683456.0,4096.0,1.33,,,ALL_37,NONE,NONE,S_PARAMETERS|SIDEBANDS|NEAR_FIELD_B,S_PARAMETERS|SIDEBANDS|NEAR_FIELD_B,NULL_ALL_ACTIVE_RING|NULL_NO_CRYSTAL_DRIVE|NULL_OFF_FREQUENCY_CRYSTAL,SIMULATION_ESTIMATE
V6C_0168,135,0.518063,MODEL_CANDIDATE,466,37,32,0.808753,WELL_FORMED_CANDIDATE,1683456.0,4096.0,2.1,,,ALL_37,NONE,NONE,S_PARAMETERS|SIDEBANDS|NEAR_FIELD_B,S_PARAMETERS|SIDEBANDS|NEAR_FIELD_B,NULL_ALL_ACTIVE_RING|NULL_NO_CRYSTAL_DRIVE|NULL_OFF_FREQUENCY_CRYSTAL,SIMULATION_ESTIMATE
V6C_0169,136,0.518063,MODEL_CANDIDATE,466,37,32,0.808753,WELL_FORMED_CANDIDATE,1683456.0,4096.0,3.8,,,ALL_37,NONE,NONE,S_PARAMETERS|SIDEBANDS|NEAR_FIELD_B,S_PARAMETERS|SIDEBANDS|NEAR_FIELD_B,NULL_ALL_ACTIVE_RING|NULL_NO_CRYSTAL_DRIVE|NULL_OFF_FREQUENCY_CRYSTAL,SIMULATION_ESTIMATE
V6C_0170,137,0.518063,MODEL_CANDIDATE,466,37,32,0.808753,WELL_FORMED_CANDIDATE,1683456.0,4096.0,4.5,,,ALL_37,NONE,NONE,S_PARAMETERS|SIDEBANDS|NEAR_FIELD_B,S_PARAMETERS|SIDEBANDS|NEAR_FIELD_B,NULL_ALL_ACTIVE_RING|NULL_NO_CRYSTAL_DRIVE|NULL_OFF_FREQUENCY_CRYSTAL,SIMULATION_ESTIMATE
V6C_0066,138,0.515914,MODEL_CANDIDATE,288,37,18,0.736092,WELL_FORMED_CANDIDATE,1683456.0,4096.0,1.0,,,ALL_37,NONE,NONE,S_PARAMETERS|SIDEBANDS|NEAR_FIELD_B,S_PARAMETERS|SIDEBANDS|NEAR_FIELD_B,NULL_ALL_ACTIVE_RING|NULL_NO_CRYSTAL_DRIVE|NULL_OFF_FREQUENCY_CRYSTAL,SIMULATION_ESTIMATE
V6C_0067,139,0.515914,MODEL_CANDIDATE,288,37,18,0.736092,WELL_FORMED_CANDIDATE,1683456.0,4096.0,1.33,,,ALL_37,NONE,NONE,S_PARAMETERS|SIDEBANDS|NEAR_FIELD_B,S_PARAMETERS|SIDEBANDS|NEAR_FIELD_B,NULL_ALL_ACTIVE_RING|NULL_NO_CRYSTAL_DRIVE|NULL_OFF_FREQUENCY_CRYSTAL,SIMULATION_ESTIMATE
V6C_0068,140,0.515914,MODEL_CANDIDATE,288,37,18,0.736092,WELL_FORMED_CANDIDATE,1683456.0,4096.0,2.1,,,ALL_37,NONE,NONE,S_PARAMETERS|SIDEBANDS|NEAR_FIELD_B,S_PARAMETERS|SIDEBANDS|NEAR_FIELD_B,NULL_ALL_ACTIVE_RING|NULL_NO_CRYSTAL_DRIVE|NULL_OFF_FREQUENCY_CRYSTAL,SIMULATION_ESTIMATE
V6C_0069,141,0.515914,MODEL_CANDIDATE,288,37,18,0.736092,WELL_FORMED_CANDIDATE,1683456.0,4096.0,3.8,,,ALL_37,NONE,NONE,S_PARAMETERS|SIDEBANDS|NEAR_FIELD_B,S_PARAMETERS|SIDEBANDS|NEAR_FIELD_B,NULL_ALL_ACTIVE_RING|NULL_NO_CRYSTAL_DRIVE|NULL_OFF_FREQUENCY_CRYSTAL,SIMULATION_ESTIMATE
V6C_0070,142,0.515914,MODEL_CANDIDATE,288,37,18,0.736092,WELL_FORMED_CANDIDATE,1683456.0,4096.0,4.5,,,ALL_37,NONE,NONE,S_PARAMETERS|SIDEBANDS|NEAR_FIELD_B,S_PARAMETERS|SIDEBANDS|NEAR_FIELD_B,NULL_ALL_ACTIVE_RING|NULL_NO_CRYSTAL_DRIVE|NULL_OFF_FREQUENCY_CRYSTAL,SIMULATION_ESTIMATE
V6C_0116,143,0.512964,MODEL_CANDIDATE,377,37,24,0.749759,WELL_FORMED_CANDIDATE,1683456.0,4096.0,1.0,,,ALL_37,NONE,NONE,S_PARAMETERS|SIDEBANDS|NEAR_FIELD_B,S_PARAMETERS|SIDEBANDS|NEAR_FIELD_B,NULL_ALL_ACTIVE_RING|NULL_NO_CRYSTAL_DRIVE|NULL_OFF_FREQUENCY_CRYSTAL,SIMULATION_ESTIMATE
V6C_0117,144,0.512964,MODEL_CANDIDATE,377,37,24,0.749759,WELL_FORMED_CANDIDATE,1683456.0,4096.0,1.33,,,ALL_37,NONE,NONE,S_PARAMETERS|SIDEBANDS|NEAR_FIELD_B,S_PARAMETERS|SIDEBANDS|NEAR_FIELD_B,NULL_ALL_ACTIVE_RING|NULL_NO_CRYSTAL_DRIVE|NULL_OFF_FREQUENCY_CRYSTAL,SIMULATION_ESTIMATE
V6C_0118,145,0.512964,MODEL_CANDIDATE,377,37,24,0.749759,WELL_FORMED_CANDIDATE,1683456.0,4096.0,2.1,,,ALL_37,NONE,NONE,S_PARAMETERS|SIDEBANDS|NEAR_FIELD_B,S_PARAMETERS|SIDEBANDS|NEAR_FIELD_B,NULL_ALL_ACTIVE_RING|NULL_NO_CRYSTAL_DRIVE|NULL_OFF_FREQUENCY_CRYSTAL,SIMULATION_ESTIMATE
V6C_0119,146,0.512964,MODEL_CANDIDATE,377,37,24,0.749759,WELL_FORMED_CANDIDATE,1683456.0,4096.0,3.8,,,ALL_37,NONE,NONE,S_PARAMETERS|SIDEBANDS|NEAR_FIELD_B,S_PARAMETERS|SIDEBANDS|NEAR_FIELD_B,NULL_ALL_ACTIVE_RING|NULL_NO_CRYSTAL_DRIVE|NULL_OFF_FREQUENCY_CRYSTAL,SIMULATION_ESTIMATE
V6C_0120,147,0.512964,MODEL_CANDIDATE,377,37,24,0.749759,WELL_FORMED_CANDIDATE,1683456.0,4096.0,4.5,,,ALL_37,NONE,NONE,S_PARAMETERS|SIDEBANDS|NEAR_FIELD_B,S_PARAMETERS|SIDEBANDS|NEAR_FIELD_B,NULL_ALL_ACTIVE_RING|NULL_NO_CRYSTAL_DRIVE|NULL_OFF_FREQUENCY_CRYSTAL,SIMULATION_ESTIMATE
V6C_0011,148,0.509513,MODEL_CANDIDATE,188,37,12,0.751753,WELL_FORMED_CANDIDATE,1683456.0,4096.0,1.0,,,ALL_37,NONE,NONE,S_PARAMETERS|SIDEBANDS|NEAR_FIELD_B,S_PARAMETERS|SIDEBANDS|NEAR_FIELD_B,NULL_ALL_ACTIVE_RING|NULL_NO_CRYSTAL_DRIVE|NULL_OFF_FREQUENCY_CRYSTAL,SIMULATION_ESTIMATE
V6C_0207,149,0.503384,MEASUREMENT_CANDIDATE,288,37,14,0.572516,WELL_FORMED_CANDIDATE,16974.13,4096.0,1.0,SALE_RUTILATED_24SIDED_138MM_SHEAR,16974.13,ALL_37,NONE,NONE,S_PARAMETERS|SIDEBANDS|VIBRATION,S_PARAMETERS|SIDEBANDS|VIBRATION,NULL_ALL_ACTIVE_RING|NULL_NO_CRYSTAL_DRIVE|NULL_OFF_FREQUENCY_CRYSTAL,SIMULATION_ESTIMATE
V6C_0208,150,0.503384,MEASUREMENT_CANDIDATE,288,37,14,0.572516,WELL_FORMED_CANDIDATE,16974.13,4096.0,1.0,SALE_RUTILATED_24SIDED_138MM_SHEAR,16974.13,ALL_37,NONE,NONE,S_PARAMETERS|SIDEBANDS|VIBRATION,S_PARAMETERS|SIDEBANDS|VIBRATION,NULL_ALL_ACTIVE_RING|NULL_NO_CRYSTAL_DRIVE|NULL_OFF_FREQUENCY_CRYSTAL,SIMULATION_ESTIMATE
V6C_0209,151,0.503384,MODEL_CANDIDATE,288,37,14,0.572516,WELL_FORMED_CANDIDATE,16974.13,4096.0,1.0,SALE_RUTILATED_24SIDED_138MM_SHEAR,16974.13,ALL_37,NONE,NONE,S_PARAMETERS|SIDEBANDS|VIBRATION,S_PARAMETERS|SIDEBANDS|VIBRATION,NULL_ALL_ACTIVE_RING|NULL_NO_CRYSTAL_DRIVE|NULL_OFF_FREQUENCY_CRYSTAL,SIMULATION_ESTIMATE
V6C_0183,152,0.503377,MODEL_CANDIDATE,288,37,14,0.572516,WELL_FORMED_CANDIDATE,1683456.0,4096.0,1.0,,,ALL_37,NONE,NONE,S_PARAMETERS|SIDEBANDS|NEAR_FIELD_B,S_PARAMETERS|SIDEBANDS|NEAR_FIELD_B,NULL_ALL_ACTIVE_RING|NULL_NO_CRYSTAL_DRIVE|NULL_OFF_FREQUENCY_CRYSTAL,SIMULATION_ESTIMATE
V6C_0184,153,0.503377,MODEL_CANDIDATE,288,37,14,0.572516,WELL_FORMED_CANDIDATE,1683456.0,4096.0,1.0,,,ALL_37,NONE,NONE,S_PARAMETERS|SIDEBANDS|NEAR_FIELD_B,S_PARAMETERS|SIDEBANDS|NEAR_FIELD_B,NULL_ALL_ACTIVE_RING|NULL_NO_CRYSTAL_DRIVE|NULL_OFF_FREQUENCY_CRYSTAL,SIMULATION_ESTIMATE
V6C_0185,154,0.503377,MODEL_CANDIDATE,288,37,14,0.572516,WELL_FORMED_CANDIDATE,1683456.0,4096.0,1.0,,,ALL_37,NONE,NONE,S_PARAMETERS|SIDEBANDS|NEAR_FIELD_B,S_PARAMETERS|SIDEBANDS|NEAR_FIELD_B,NULL_ALL_ACTIVE_RING|NULL_NO_CRYSTAL_DRIVE|NULL_OFF_FREQUENCY_CRYSTAL,SIMULATION_ESTIMATE
V6C_0188,155,0.503377,MODEL_CANDIDATE,288,37,14,0.572516,WELL_FORMED_CANDIDATE,1683456.0,4096.0,1.0,,,RUN_35_OF_37,NONE,NONE,S_PARAMETERS|SIDEBANDS|NEAR_FIELD_B,S_PARAMETERS|SIDEBANDS|NEAR_FIELD_B,NULL_ALL_ACTIVE_RING|NULL_NO_CRYSTAL_DRIVE|NULL_OFF_FREQUENCY_CRYSTAL,SIMULATION_ESTIMATE
V6C_0189,156,0.503377,MODEL_CANDIDATE,288,37,14,0.572516,WELL_FORMED_CANDIDATE,1683456.0,4096.0,1.0,,,RUN_35_OF_37,NONE,NONE,S_PARAMETERS|SIDEBANDS|NEAR_FIELD_B,S_PARAMETERS|SIDEBANDS|NEAR_FIELD_B,NULL_ALL_ACTIVE_RING|NULL_NO_CRYSTAL_DRIVE|NULL_OFF_FREQUENCY_CRYSTAL,SIMULATION_ESTIMATE
V6C_0190,157,0.503377,MODEL_CANDIDATE,288,37,14,0.572516,WELL_FORMED_CANDIDATE,1683456.0,4096.0,1.0,,,RUN_35_OF_37,NONE,NONE,S_PARAMETERS|SIDEBANDS|NEAR_FIELD_B,S_PARAMETERS|SIDEBANDS|NEAR_FIELD_B,NULL_ALL_ACTIVE_RING|NULL_NO_CRYSTAL_DRIVE|NULL_OFF_FREQUENCY_CRYSTAL,SIMULATION_ESTIMATE
V6C_0193,158,0.503377,MODEL_CANDIDATE,288,37,14,0.572516,WELL_FORMED_CANDIDATE,1683456.0,4096.0,1.0,,,STEER_33_ACTIVE,NONE,NONE,S_PARAMETERS|SIDEBANDS|NEAR_FIELD_B,S_PARAMETERS|SIDEBANDS|NEAR_FIELD_B,NULL_ALL_ACTIVE_RING|NULL_NO_CRYSTAL_DRIVE|NULL_OFF_FREQUENCY_CRYSTAL,SIMULATION_ESTIMATE
V6C_0194,159,0.503377,MODEL_CANDIDATE,288,37,14,0.572516,WELL_FORMED_CANDIDATE,1683456.0,4096.0,1.0,,,STEER_33_ACTIVE,NONE,NONE,S_PARAMETERS|SIDEBANDS|NEAR_FIELD_B,S_PARAMETERS|SIDEBANDS|NEAR_FIELD_B,NULL_ALL_ACTIVE_RING|NULL_NO_CRYSTAL_DRIVE|NULL_OFF_FREQUENCY_CRYSTAL,SIMULATION_ESTIMATE
V6C_0195,160,0.503377,MODEL_CANDIDATE,288,37,14,0.572516,WELL_FORMED_CANDIDATE,1683456.0,4096.0,1.0,,,STEER_33_ACTIVE,NONE,NONE,S_PARAMETERS|SIDEBANDS|NEAR_FIELD_B,S_PARAMETERS|SIDEBANDS|NEAR_FIELD_B,NULL_ALL_ACTIVE_RING|NULL_NO_CRYSTAL_DRIVE|NULL_OFF_FREQUENCY_CRYSTAL,SIMULATION_ESTIMATE
V6C_0198,161,0.503377,MODEL_CANDIDATE,288,37,14,0.572516,WELL_FORMED_CANDIDATE,1683456.0,4096.0,1.0,,,FOUR_SECTOR_OPEN,NONE,NONE,S_PARAMETERS|SIDEBANDS|NEAR_FIELD_B,S_PARAMETERS|SIDEBANDS|NEAR_FIELD_B,NULL_ALL_ACTIVE_RING|NULL_NO_CRYSTAL_DRIVE|NULL_OFF_FREQUENCY_CRYSTAL,SIMULATION_ESTIMATE
V6C_0199,162,0.503377,MODEL_CANDIDATE,288,37,14,0.572516,WELL_FORMED_CANDIDATE,1683456.0,4096.0,1.0,,,FOUR_SECTOR_OPEN,NONE,NONE,S_PARAMETERS|SIDEBANDS|NEAR_FIELD_B,S_PARAMETERS|SIDEBANDS|NEAR_FIELD_B,NULL_ALL_ACTIVE_RING|NULL_NO_CRYSTAL_DRIVE|NULL_OFF_FREQUENCY_CRYSTAL,SIMULATION_ESTIMATE
V6C_0200,163,0.503377,MODEL_CANDIDATE,288,37,14,0.572516,WELL_FORMED_CANDIDATE,1683456.0,4096.0,1.0,,,FOUR_SECTOR_OPEN,NONE,NONE,S_PARAMETERS|SIDEBANDS|NEAR_FIELD_B,S_PARAMETERS|SIDEBANDS|NEAR_FIELD_B,NULL_ALL_ACTIVE_RING|NULL_NO_CRYSTAL_DRIVE|NULL_OFF_FREQUENCY_CRYSTAL,SIMULATION_ESTIMATE
V6C_0201,164,0.501585,MEASUREMENT_CANDIDATE,288,37,14,0.572516,WELL_FORMED_CANDIDATE,20098.13,4096.0,1.0,SALE_HIMALAYAN_8SIDED_157MM,20098.13,ALL_37,NONE,NONE,S_PARAMETERS|SIDEBANDS|VIBRATION,S_PARAMETERS|SIDEBANDS|VIBRATION,NULL_ALL_ACTIVE_RING|NULL_NO_CRYSTAL_DRIVE|NULL_OFF_FREQUENCY_CRYSTAL,SIMULATION_ESTIMATE
V6C_0202,165,0.501585,MEASUREMENT_CANDIDATE,288,37,14,0.572516,WELL_FORMED_CANDIDATE,20098.13,4096.0,1.0,SALE_HIMALAYAN_8SIDED_157MM,20098.13,ALL_37,NONE,NONE,S_PARAMETERS|SIDEBANDS|VIBRATION,S_PARAMETERS|SIDEBANDS|VIBRATION,NULL_ALL_ACTIVE_RING|NULL_NO_CRYSTAL_DRIVE|NULL_OFF_FREQUENCY_CRYSTAL,SIMULATION_ESTIMATE
V6C_0203,166,0.501585,MODEL_CANDIDATE,288,37,14,0.572516,WELL_FORMED_CANDIDATE,20098.13,4096.0,1.0,SALE_HIMALAYAN_8SIDED_157MM,20098.13,ALL_37,NONE,NONE,S_PARAMETERS|SIDEBANDS|VIBRATION,S_PARAMETERS|SIDEBANDS|VIBRATION,NULL_ALL_ACTIVE_RING|NULL_NO_CRYSTAL_DRIVE|NULL_OFF_FREQUENCY_CRYSTAL,SIMULATION_ESTIMATE
V6C_0210,167,0.496851,MEASUREMENT_CANDIDATE,288,37,14,0.572516,WELL_FORMED_CANDIDATE,6461.98,4096.0,1.0,SALE_RUTILATED_24SIDED_138MM_BEND1,6461.98,ALL_37,NONE,NONE,S_PARAMETERS|SIDEBANDS|VIBRATION,S_PARAMETERS|SIDEBANDS|VIBRATION,NULL_ALL_ACTIVE_RING|NULL_NO_CRYSTAL_DRIVE|NULL_OFF_FREQUENCY_CRYSTAL,SIMULATION_ESTIMATE
V6C_0211,168,0.496851,MEASUREMENT_CANDIDATE,288,37,14,0.572516,WELL_FORMED_CANDIDATE,6461.98,4096.0,1.0,SALE_RUTILATED_24SIDED_138MM_BEND1,6461.98,ALL_37,NONE,NONE,S_PARAMETERS|SIDEBANDS|VIBRATION,S_PARAMETERS|SIDEBANDS|VIBRATION,NULL_ALL_ACTIVE_RING|NULL_NO_CRYSTAL_DRIVE|NULL_OFF_FREQUENCY_CRYSTAL,SIMULATION_ESTIMATE
V6C_0212,169,0.496851,MODEL_CANDIDATE,288,37,14,0.572516,WELL_FORMED_CANDIDATE,6461.98,4096.0,1.0,SALE_RUTILATED_24SIDED_138MM_BEND1,6461.98,ALL_37,NONE,NONE,S_PARAMETERS|SIDEBANDS|VIBRATION,S_PARAMETERS|SIDEBANDS|VIBRATION,NULL_ALL_ACTIVE_RING|NULL_NO_CRYSTAL_DRIVE|NULL_OFF_FREQUENCY_CRYSTAL,SIMULATION_ESTIMATE
V6C_0061,170,0.491377,MODEL_CANDIDATE,288,37,14,0.572516,WELL_FORMED_CANDIDATE,1683456.0,4096.0,1.0,,,ALL_37,NONE,NONE,S_PARAMETERS|SIDEBANDS|NEAR_FIELD_B,S_PARAMETERS|SIDEBANDS|NEAR_FIELD_B,NULL_ALL_ACTIVE_RING|NULL_NO_CRYSTAL_DRIVE|NULL_OFF_FREQUENCY_CRYSTAL,SIMULATION_ESTIMATE
V6C_0062,171,0.491377,MODEL_CANDIDATE,288,37,14,0.572516,WELL_FORMED_CANDIDATE,1683456.0,4096.0,1.33,,,ALL_37,NONE,NONE,S_PARAMETERS|SIDEBANDS|NEAR_FIELD_B,S_PARAMETERS|SIDEBANDS|NEAR_FIELD_B,NULL_ALL_ACTIVE_RING|NULL_NO_CRYSTAL_DRIVE|NULL_OFF_FREQUENCY_CRYSTAL,SIMULATION_ESTIMATE
V6C_0063,172,0.491377,MODEL_CANDIDATE,288,37,14,0.572516,WELL_FORMED_CANDIDATE,1683456.0,4096.0,2.1,,,ALL_37,NONE,NONE,S_PARAMETERS|SIDEBANDS|NEAR_FIELD_B,S_PARAMETERS|SIDEBANDS|NEAR_FIELD_B,NULL_ALL_ACTIVE_RING|NULL_NO_CRYSTAL_DRIVE|NULL_OFF_FREQUENCY_CRYSTAL,SIMULATION_ESTIMATE
V6C_0064,173,0.491377,MODEL_CANDIDATE,288,37,14,0.572516,WELL_FORMED_CANDIDATE,1683456.0,4096.0,3.8,,,ALL_37,NONE,NONE,S_PARAMETERS|SIDEBANDS|NEAR_FIELD_B,S_PARAMETERS|SIDEBANDS|NEAR_FIELD_B,NULL_ALL_ACTIVE_RING|NULL_NO_CRYSTAL_DRIVE|NULL_OFF_FREQUENCY_CRYSTAL,SIMULATION_ESTIMATE
V6C_0065,174,0.491377,MODEL_CANDIDATE,288,37,14,0.572516,WELL_FORMED_CANDIDATE,1683456.0,4096.0,4.5,,,ALL_37,NONE,NONE,S_PARAMETERS|SIDEBANDS|NEAR_FIELD_B,S_PARAMETERS|SIDEBANDS|NEAR_FIELD_B,NULL_ALL_ACTIVE_RING|NULL_NO_CRYSTAL_DRIVE|NULL_OFF_FREQUENCY_CRYSTAL,SIMULATION_ESTIMATE
V6C_0182,175,0.491377,MODEL_CANDIDATE,288,37,14,0.572516,WELL_FORMED_CANDIDATE,1683456.0,4096.0,1.0,,,ALL_37,NONE,NONE,S_PARAMETERS|SIDEBANDS|NEAR_FIELD_B,S_PARAMETERS|SIDEBANDS|NEAR_FIELD_B,NULL_ALL_ACTIVE_RING|NULL_NO_CRYSTAL_DRIVE|NULL_OFF_FREQUENCY_CRYSTAL,SIMULATION_ESTIMATE
V6C_0187,176,0.491377,MODEL_CANDIDATE,288,37,14,0.572516,WELL_FORMED_CANDIDATE,1683456.0,4096.0,1.0,,,RUN_35_OF_37,NONE,NONE,S_PARAMETERS|SIDEBANDS|NEAR_FIELD_B,S_PARAMETERS|SIDEBANDS|NEAR_FIELD_B,NULL_ALL_ACTIVE_RING|NULL_NO_CRYSTAL_DRIVE|NULL_OFF_FREQUENCY_CRYSTAL,SIMULATION_ESTIMATE
V6C_0192,177,0.491377,MODEL_CANDIDATE,288,37,14,0.572516,WELL_FORMED_CANDIDATE,1683456.0,4096.0,1.0,,,STEER_33_ACTIVE,NONE,NONE,S_PARAMETERS|SIDEBANDS|NEAR_FIELD_B,S_PARAMETERS|SIDEBANDS|NEAR_FIELD_B,NULL_ALL_ACTIVE_RING|NULL_NO_CRYSTAL_DRIVE|NULL_OFF_FREQUENCY_CRYSTAL,SIMULATION_ESTIMATE
V6C_0197,178,0.491377,MODEL_CANDIDATE,288,37,14,0.572516,WELL_FORMED_CANDIDATE,1683456.0,4096.0,1.0,,,FOUR_SECTOR_OPEN,NONE,NONE,S_PARAMETERS|SIDEBANDS|NEAR_FIELD_B,S_PARAMETERS|SIDEBANDS|NEAR_FIELD_B,NULL_ALL_ACTIVE_RING|NULL_NO_CRYSTAL_DRIVE|NULL_OFF_FREQUENCY_CRYSTAL,SIMULATION_ESTIMATE
V6C_0275,179,0.491377,NULL_PRIORITY,288,37,14,0.572516,WELL_FORMED_CANDIDATE,1683456.0,4096.0,1.0,,,ALL_37,NONE,NONE,S_PARAMETERS|SIDEBANDS|NEAR_FIELD_B,S_PARAMETERS|SIDEBANDS|NEAR_FIELD_B,NULL_ALL_ACTIVE_RING|NULL_NO_CRYSTAL_DRIVE|NULL_OFF_FREQUENCY_CRYSTAL,MEASUREMENT_TARGET
V6C_0276,180,0.491377,NULL_PRIORITY,288,37,14,0.572516,WELL_FORMED_CANDIDATE,1683456.0,4096.0,1.0,,,ALL_37,NONE,NONE,S_PARAMETERS|SIDEBANDS|NEAR_FIELD_B,S_PARAMETERS|SIDEBANDS|NEAR_FIELD_B,NULL_ALL_ACTIVE_RING|NULL_NO_CRYSTAL_DRIVE|NULL_OFF_FREQUENCY_CRYSTAL,MEASUREMENT_TARGET
V6C_0277,181,0.491377,NULL_PRIORITY,288,37,14,0.572516,WELL_FORMED_CANDIDATE,1683456.0,4096.0,1.0,,,ALL_37,NONE,NONE,S_PARAMETERS|SIDEBANDS|NEAR_FIELD_B,S_PARAMETERS|SIDEBANDS|NEAR_FIELD_B,NULL_ALL_ACTIVE_RING|NULL_NO_CRYSTAL_DRIVE|NULL_OFF_FREQUENCY_CRYSTAL,MEASUREMENT_TARGET
V6C_0278,182,0.491377,NULL_PRIORITY,288,37,14,0.572516,WELL_FORMED_CANDIDATE,1683456.0,4096.0,1.0,,,ALL_37,NONE,NONE,S_PARAMETERS|SIDEBANDS|NEAR_FIELD_B,S_PARAMETERS|SIDEBANDS|NEAR_FIELD_B,NULL_ALL_ACTIVE_RING|NULL_NO_CRYSTAL_DRIVE|NULL_OFF_FREQUENCY_CRYSTAL,MEASUREMENT_TARGET
V6C_0279,183,0.491377,NULL_PRIORITY,288,37,14,0.572516,WELL_FORMED_CANDIDATE,1683456.0,4096.0,1.0,,,ALL_37,NONE,NONE,S_PARAMETERS|SIDEBANDS|NEAR_FIELD_B,S_PARAMETERS|SIDEBANDS|NEAR_FIELD_B,NULL_ALL_ACTIVE_RING|NULL_NO_CRYSTAL_DRIVE|NULL_OFF_FREQUENCY_CRYSTAL,MEASUREMENT_TARGET
V6C_0280,184,0.491377,NULL_PRIORITY,288,37,14,0.572516,WELL_FORMED_CANDIDATE,1683456.0,4096.0,1.0,,,ALL_37,NONE,NONE,S_PARAMETERS|SIDEBANDS|NEAR_FIELD_B,S_PARAMETERS|SIDEBANDS|NEAR_FIELD_B,NULL_ALL_ACTIVE_RING|NULL_NO_CRYSTAL_DRIVE|NULL_OFF_FREQUENCY_CRYSTAL,MEASUREMENT_TARGET
V6C_0281,185,0.491377,NULL_PRIORITY,288,37,14,0.572516,WELL_FORMED_CANDIDATE,1683456.0,4096.0,1.0,,,ALL_37,NONE,NONE,S_PARAMETERS|SIDEBANDS|NEAR_FIELD_B,S_PARAMETERS|SIDEBANDS|NEAR_FIELD_B,NULL_ALL_ACTIVE_RING|NULL_NO_CRYSTAL_DRIVE|NULL_OFF_FREQUENCY_CRYSTAL,MEASUREMENT_TARGET
V6C_0282,186,0.491377,NULL_PRIORITY,288,37,14,0.572516,WELL_FORMED_CANDIDATE,1683456.0,4096.0,1.0,,,ALL_37,NONE,NONE,S_PARAMETERS|SIDEBANDS|NEAR_FIELD_B,S_PARAMETERS|SIDEBANDS|NEAR_FIELD_B,NULL_ALL_ACTIVE_RING|NULL_NO_CRYSTAL_DRIVE|NULL_OFF_FREQUENCY_CRYSTAL,MEASUREMENT_TARGET
V6C_0283,187,0.491377,NULL_PRIORITY,288,37,14,0.572516,WELL_FORMED_CANDIDATE,1683456.0,4096.0,1.0,,,ALL_37,NONE,NONE,S_PARAMETERS|SIDEBANDS|NEAR_FIELD_B,S_PARAMETERS|SIDEBANDS|NEAR_FIELD_B,NULL_ALL_ACTIVE_RING|NULL_NO_CRYSTAL_DRIVE|NULL_OFF_FREQUENCY_CRYSTAL,MEASUREMENT_TARGET
V6C_0284,188,0.491377,NULL_PRIORITY,288,37,14,0.572516,WELL_FORMED_CANDIDATE,1683456.0,4096.0,1.0,,,ALL_37,NONE,NONE,S_PARAMETERS|SIDEBANDS|NEAR_FIELD_B,S_PARAMETERS|SIDEBANDS|NEAR_FIELD_B,NULL_ALL_ACTIVE_RING|NULL_NO_CRYSTAL_DRIVE|NULL_OFF_FREQUENCY_CRYSTAL,MEASUREMENT_TARGET
V6C_0161,189,0.487735,MODEL_CANDIDATE,466,37,24,0.606565,WELL_FORMED_CANDIDATE,1683456.0,4096.0,1.0,,,ALL_37,NONE,NONE,S_PARAMETERS|SIDEBANDS|NEAR_FIELD_B,S_PARAMETERS|SIDEBANDS|NEAR_FIELD_B,NULL_ALL_ACTIVE_RING|NULL_NO_CRYSTAL_DRIVE|NULL_OFF_FREQUENCY_CRYSTAL,SIMULATION_ESTIMATE
V6C_0162,190,0.487735,MODEL_CANDIDATE,466,37,24,0.606565,WELL_FORMED_CANDIDATE,1683456.0,4096.0,1.33,,,ALL_37,NONE,NONE,S_PARAMETERS|SIDEBANDS|NEAR_FIELD_B,S_PARAMETERS|SIDEBANDS|NEAR_FIELD_B,NULL_ALL_ACTIVE_RING|NULL_NO_CRYSTAL_DRIVE|NULL_OFF_FREQUENCY_CRYSTAL,SIMULATION_ESTIMATE
V6C_0163,191,0.487735,MODEL_CANDIDATE,466,37,24,0.606565,WELL_FORMED_CANDIDATE,1683456.0,4096.0,2.1,,,ALL_37,NONE,NONE,S_PARAMETERS|SIDEBANDS|NEAR_FIELD_B,S_PARAMETERS|SIDEBANDS|NEAR_FIELD_B,NULL_ALL_ACTIVE_RING|NULL_NO_CRYSTAL_DRIVE|NULL_OFF_FREQUENCY_CRYSTAL,SIMULATION_ESTIMATE
V6C_0164,192,0.487735,MODEL_CANDIDATE,466,37,24,0.606565,WELL_FORMED_CANDIDATE,1683456.0,4096.0,3.8,,,ALL_37,NONE,NONE,S_PARAMETERS|SIDEBANDS|NEAR_FIELD_B,S_PARAMETERS|SIDEBANDS|NEAR_FIELD_B,NULL_ALL_ACTIVE_RING|NULL_NO_CRYSTAL_DRIVE|NULL_OFF_FREQUENCY_CRYSTAL,SIMULATION_ESTIMATE
V6C_0165,193,0.487735,MODEL_CANDIDATE,466,37,24,0.606565,WELL_FORMED_CANDIDATE,1683456.0,4096.0,4.5,,,ALL_37,NONE,NONE,S_PARAMETERS|SIDEBANDS|NEAR_FIELD_B,S_PARAMETERS|SIDEBANDS|NEAR_FIELD_B,NULL_ALL_ACTIVE_RING|NULL_NO_CRYSTAL_DRIVE|NULL_OFF_FREQUENCY_CRYSTAL,SIMULATION_ESTIMATE
V6C_0181,194,0.487377,MODEL_CANDIDATE,288,37,14,0.572516,WELL_FORMED_CANDIDATE,1683456.0,4096.0,1.0,,,ALL_37,NONE,NONE,S_PARAMETERS|SIDEBANDS|NEAR_FIELD_B,S_PARAMETERS|SIDEBANDS|NEAR_FIELD_B,NULL_ALL_ACTIVE_RING|NULL_NO_CRYSTAL_DRIVE|NULL_OFF_FREQUENCY_CRYSTAL,SIMULATION_ESTIMATE
V6C_0186,195,0.487377,MODEL_CANDIDATE,288,37,14,0.572516,WELL_FORMED_CANDIDATE,1683456.0,4096.0,1.0,,,RUN_35_OF_37,NONE,NONE,S_PARAMETERS|SIDEBANDS|NEAR_FIELD_B,S_PARAMETERS|SIDEBANDS|NEAR_FIELD_B,NULL_ALL_ACTIVE_RING|NULL_NO_CRYSTAL_DRIVE|NULL_OFF_FREQUENCY_CRYSTAL,SIMULATION_ESTIMATE
V6C_0191,196,0.487377,MODEL_CANDIDATE,288,37,14,0.572516,WELL_FORMED_CANDIDATE,1683456.0,4096.0,1.0,,,STEER_33_ACTIVE,NONE,NONE,S_PARAMETERS|SIDEBANDS|NEAR_FIELD_B,S_PARAMETERS|SIDEBANDS|NEAR_FIELD_B,NULL_ALL_ACTIVE_RING|NULL_NO_CRYSTAL_DRIVE|NULL_OFF_FREQUENCY_CRYSTAL,SIMULATION_ESTIMATE
V6C_0196,197,0.487377,MODEL_CANDIDATE,288,37,14,0.572516,WELL_FORMED_CANDIDATE,1683456.0,4096.0,1.0,,,FOUR_SECTOR_OPEN,NONE,NONE,S_PARAMETERS|SIDEBANDS|NEAR_FIELD_B,S_PARAMETERS|SIDEBANDS|NEAR_FIELD_B,NULL_ALL_ACTIVE_RING|NULL_NO_CRYSTAL_DRIVE|NULL_OFF_FREQUENCY_CRYSTAL,SIMULATION_ESTIMATE
V6C_0111,198,0.484848,MODEL_CANDIDATE,377,37,18,0.562319,WELL_FORMED_CANDIDATE,1683456.0,4096.0,1.0,,,ALL_37,NONE,NONE,S_PARAMETERS|SIDEBANDS|NEAR_FIELD_B,S_PARAMETERS|SIDEBANDS|NEAR_FIELD_B,NULL_ALL_ACTIVE_RING|NULL_NO_CRYSTAL_DRIVE|NULL_OFF_FREQUENCY_CRYSTAL,SIMULATION_ESTIMATE
V6C_0112,199,0.484848,MODEL_CANDIDATE,377,37,18,0.562319,WELL_FORMED_CANDIDATE,1683456.0,4096.0,1.33,,,ALL_37,NONE,NONE,S_PARAMETERS|SIDEBANDS|NEAR_FIELD_B,S_PARAMETERS|SIDEBANDS|NEAR_FIELD_B,NULL_ALL_ACTIVE_RING|NULL_NO_CRYSTAL_DRIVE|NULL_OFF_FREQUENCY_CRYSTAL,SIMULATION_ESTIMATE
V6C_0113,200,0.484848,MODEL_CANDIDATE,377,37,18,0.562319,WELL_FORMED_CANDIDATE,1683456.0,4096.0,2.1,,,ALL_37,NONE,NONE,S_PARAMETERS|SIDEBANDS|NEAR_FIELD_B,S_PARAMETERS|SIDEBANDS|NEAR_FIELD_B,NULL_ALL_ACTIVE_RING|NULL_NO_CRYSTAL_DRIVE|NULL_OFF_FREQUENCY_CRYSTAL,SIMULATION_ESTIMATE
V6C_0114,201,0.484848,MODEL_CANDIDATE,377,37,18,0.562319,WELL_FORMED_CANDIDATE,1683456.0,4096.0,3.8,,,ALL_37,NONE,NONE,S_PARAMETERS|SIDEBANDS|NEAR_FIELD_B,S_PARAMETERS|SIDEBANDS|NEAR_FIELD_B,NULL_ALL_ACTIVE_RING|NULL_NO_CRYSTAL_DRIVE|NULL_OFF_FREQUENCY_CRYSTAL,SIMULATION_ESTIMATE
V6C_0115,202,0.484848,MODEL_CANDIDATE,377,37,18,0.562319,WELL_FORMED_CANDIDATE,1683456.0,4096.0,4.5,,,ALL_37,NONE,NONE,S_PARAMETERS|SIDEBANDS|NEAR_FIELD_B,S_PARAMETERS|SIDEBANDS|NEAR_FIELD_B,NULL_ALL_ACTIVE_RING|NULL_NO_CRYSTAL_DRIVE|NULL_OFF_FREQUENCY_CRYSTAL,SIMULATION_ESTIMATE
V6C_0009,203,0.480675,MODEL_CANDIDATE,188,37,8,0.501169,WELL_FORMED_CANDIDATE,1683456.0,4096.0,3.8,,,ALL_37,NONE,NONE,S_PARAMETERS|SIDEBANDS|NEAR_FIELD_B,S_PARAMETERS|SIDEBANDS|NEAR_FIELD_B,NULL_ALL_ACTIVE_RING|NULL_NO_CRYSTAL_DRIVE|NULL_OFF_FREQUENCY_CRYSTAL,SIMULATION_ESTIMATE
V6C_0010,204,0.480675,MODEL_CANDIDATE,188,37,8,0.501169,WELL_FORMED_CANDIDATE,1683456.0,4096.0,4.5,,,ALL_37,NONE,NONE,S_PARAMETERS|SIDEBANDS|NEAR_FIELD_B,S_PARAMETERS|SIDEBANDS|NEAR_FIELD_B,NULL_ALL_ACTIVE_RING|NULL_NO_CRYSTAL_DRIVE|NULL_OFF_FREQUENCY_CRYSTAL,SIMULATION_ESTIMATE
V6C_0006,205,0.471925,MODEL_CANDIDATE,188,37,8,0.501169,WELL_FORMED_CANDIDATE,1683456.0,4096.0,1.0,,,ALL_37,NONE,NONE,S_PARAMETERS|SIDEBANDS|NEAR_FIELD_B,S_PARAMETERS|SIDEBANDS|NEAR_FIELD_B,NULL_ALL_ACTIVE_RING|NULL_NO_CRYSTAL_DRIVE|NULL_OFF_FREQUENCY_CRYSTAL,SIMULATION_ESTIMATE
V6C_0007,206,0.471925,MODEL_CANDIDATE,188,37,8,0.501169,WELL_FORMED_CANDIDATE,1683456.0,4096.0,1.33,,,ALL_37,NONE,NONE,S_PARAMETERS|SIDEBANDS|NEAR_FIELD_B,S_PARAMETERS|SIDEBANDS|NEAR_FIELD_B,NULL_ALL_ACTIVE_RING|NULL_NO_CRYSTAL_DRIVE|NULL_OFF_FREQUENCY_CRYSTAL,SIMULATION_ESTIMATE
V6C_0008,207,0.471925,MODEL_CANDIDATE,188,37,8,0.501169,WELL_FORMED_CANDIDATE,1683456.0,4096.0,2.1,,,ALL_37,NONE,NONE,S_PARAMETERS|SIDEBANDS|NEAR_FIELD_B,S_PARAMETERS|SIDEBANDS|NEAR_FIELD_B,NULL_ALL_ACTIVE_RING|NULL_NO_CRYSTAL_DRIVE|NULL_OFF_FREQUENCY_CRYSTAL,SIMULATION_ESTIMATE
V6C_0057,208,0.464109,MODEL_CANDIDATE,288,37,12,0.490728,SHALLOW_NOT_WELL_FORMED,1683456.0,4096.0,1.33,,,ALL_37,NONE,NONE,S_PARAMETERS|SIDEBANDS|NEAR_FIELD_B,S_PARAMETERS|SIDEBANDS|NEAR_FIELD_B,NULL_ALL_ACTIVE_RING|NULL_NO_CRYSTAL_DRIVE|NULL_OFF_FREQUENCY_CRYSTAL,SIMULATION_ESTIMATE
V6C_0058,209,0.464109,MODEL_CANDIDATE,288,37,12,0.490728,SHALLOW_NOT_WELL_FORMED,1683456.0,4096.0,2.1,,,ALL_37,NONE,NONE,S_PARAMETERS|SIDEBANDS|NEAR_FIELD_B,S_PARAMETERS|SIDEBANDS|NEAR_FIELD_B,NULL_ALL_ACTIVE_RING|NULL_NO_CRYSTAL_DRIVE|NULL_OFF_FREQUENCY_CRYSTAL,SIMULATION_ESTIMATE
V6C_0059,210,0.464109,MODEL_CANDIDATE,288,37,12,0.490728,SHALLOW_NOT_WELL_FORMED,1683456.0,4096.0,3.8,,,ALL_37,NONE,NONE,S_PARAMETERS|SIDEBANDS|NEAR_FIELD_B,S_PARAMETERS|SIDEBANDS|NEAR_FIELD_B,NULL_ALL_ACTIVE_RING|NULL_NO_CRYSTAL_DRIVE|NULL_OFF_FREQUENCY_CRYSTAL,SIMULATION_ESTIMATE
V6C_0060,211,0.464109,MODEL_CANDIDATE,288,37,12,0.490728,SHALLOW_NOT_WELL_FORMED,1683456.0,4096.0,4.5,,,ALL_37,NONE,NONE,S_PARAMETERS|SIDEBANDS|NEAR_FIELD_B,S_PARAMETERS|SIDEBANDS|NEAR_FIELD_B,NULL_ALL_ACTIVE_RING|NULL_NO_CRYSTAL_DRIVE|NULL_OFF_FREQUENCY_CRYSTAL,SIMULATION_ESTIMATE
V6C_0056,212,0.455359,MODEL_CANDIDATE,288,37,12,0.490728,SHALLOW_NOT_WELL_FORMED,1683456.0,4096.0,1.0,,,ALL_37,NONE,NONE,S_PARAMETERS|SIDEBANDS|NEAR_FIELD_B,S_PARAMETERS|SIDEBANDS|NEAR_FIELD_B,NULL_ALL_ACTIVE_RING|NULL_NO_CRYSTAL_DRIVE|NULL_OFF_FREQUENCY_CRYSTAL,SIMULATION_ESTIMATE
V6C_0106,213,0.451104,MODEL_CANDIDATE,377,37,14,0.437359,SHALLOW_NOT_WELL_FORMED,1683456.0,4096.0,1.0,,,ALL_37,NONE,NONE,S_PARAMETERS|SIDEBANDS|NEAR_FIELD_B,S_PARAMETERS|SIDEBANDS|NEAR_FIELD_B,NULL_ALL_ACTIVE_RING|NULL_NO_CRYSTAL_DRIVE|NULL_OFF_FREQUENCY_CRYSTAL,SIMULATION_ESTIMATE
V6C_0107,214,0.451104,MODEL_CANDIDATE,377,37,14,0.437359,SHALLOW_NOT_WELL_FORMED,1683456.0,4096.0,1.33,,,ALL_37,NONE,NONE,S_PARAMETERS|SIDEBANDS|NEAR_FIELD_B,S_PARAMETERS|SIDEBANDS|NEAR_FIELD_B,NULL_ALL_ACTIVE_RING|NULL_NO_CRYSTAL_DRIVE|NULL_OFF_FREQUENCY_CRYSTAL,SIMULATION_ESTIMATE
V6C_0108,215,0.451104,MODEL_CANDIDATE,377,37,14,0.437359,SHALLOW_NOT_WELL_FORMED,1683456.0,4096.0,2.1,,,ALL_37,NONE,NONE,S_PARAMETERS|SIDEBANDS|NEAR_FIELD_B,S_PARAMETERS|SIDEBANDS|NEAR_FIELD_B,NULL_ALL_ACTIVE_RING|NULL_NO_CRYSTAL_DRIVE|NULL_OFF_FREQUENCY_CRYSTAL,SIMULATION_ESTIMATE
V6C_0109,216,0.451104,MODEL_CANDIDATE,377,37,14,0.437359,SHALLOW_NOT_WELL_FORMED,1683456.0,4096.0,3.8,,,ALL_37,NONE,NONE,S_PARAMETERS|SIDEBANDS|NEAR_FIELD_B,S_PARAMETERS|SIDEBANDS|NEAR_FIELD_B,NULL_ALL_ACTIVE_RING|NULL_NO_CRYSTAL_DRIVE|NULL_OFF_FREQUENCY_CRYSTAL,SIMULATION_ESTIMATE
V6C_0110,217,0.451104,MODEL_CANDIDATE,377,37,14,0.437359,SHALLOW_NOT_WELL_FORMED,1683456.0,4096.0,4.5,,,ALL_37,NONE,NONE,S_PARAMETERS|SIDEBANDS|NEAR_FIELD_B,S_PARAMETERS|SIDEBANDS|NEAR_FIELD_B,NULL_ALL_ACTIVE_RING|NULL_NO_CRYSTAL_DRIVE|NULL_OFF_FREQUENCY_CRYSTAL,SIMULATION_ESTIMATE
V6C_0156,218,0.449989,MODEL_CANDIDATE,466,37,18,0.454924,SHALLOW_NOT_WELL_FORMED,1683456.0,4096.0,1.0,,,ALL_37,NONE,NONE,S_PARAMETERS|SIDEBANDS|NEAR_FIELD_B,S_PARAMETERS|SIDEBANDS|NEAR_FIELD_B,NULL_ALL_ACTIVE_RING|NULL_NO_CRYSTAL_DRIVE|NULL_OFF_FREQUENCY_CRYSTAL,SIMULATION_ESTIMATE
V6C_0157,219,0.449989,MODEL_CANDIDATE,466,37,18,0.454924,SHALLOW_NOT_WELL_FORMED,1683456.0,4096.0,1.33,,,ALL_37,NONE,NONE,S_PARAMETERS|SIDEBANDS|NEAR_FIELD_B,S_PARAMETERS|SIDEBANDS|NEAR_FIELD_B,NULL_ALL_ACTIVE_RING|NULL_NO_CRYSTAL_DRIVE|NULL_OFF_FREQUENCY_CRYSTAL,SIMULATION_ESTIMATE
V6C_0158,220,0.449989,MODEL_CANDIDATE,466,37,18,0.454924,SHALLOW_NOT_WELL_FORMED,1683456.0,4096.0,2.1,,,ALL_37,NONE,NONE,S_PARAMETERS|SIDEBANDS|NEAR_FIELD_B,S_PARAMETERS|SIDEBANDS|NEAR_FIELD_B,NULL_ALL_ACTIVE_RING|NULL_NO_CRYSTAL_DRIVE|NULL_OFF_FREQUENCY_CRYSTAL,SIMULATION_ESTIMATE
V6C_0159,221,0.449989,MODEL_CANDIDATE,466,37,18,0.454924,SHALLOW_NOT_WELL_FORMED,1683456.0,4096.0,3.8,,,ALL_37,NONE,NONE,S_PARAMETERS|SIDEBANDS|NEAR_FIELD_B,S_PARAMETERS|SIDEBANDS|NEAR_FIELD_B,NULL_ALL_ACTIVE_RING|NULL_NO_CRYSTAL_DRIVE|NULL_OFF_FREQUENCY_CRYSTAL,SIMULATION_ESTIMATE
V6C_0160,222,0.449989,MODEL_CANDIDATE,466,37,18,0.454924,SHALLOW_NOT_WELL_FORMED,1683456.0,4096.0,4.5,,,ALL_37,NONE,NONE,S_PARAMETERS|SIDEBANDS|NEAR_FIELD_B,S_PARAMETERS|SIDEBANDS|NEAR_FIELD_B,NULL_ALL_ACTIVE_RING|NULL_NO_CRYSTAL_DRIVE|NULL_OFF_FREQUENCY_CRYSTAL,SIMULATION_ESTIMATE
V6C_0255,223,0.443377,MODEL_CANDIDATE,288,37,14,0.572516,WELL_FORMED_CANDIDATE,1683456.0,4096.0,1.0,,,ALL_37,NONE,NONE,,S_PARAMETERS,NULL_ALL_ACTIVE_RING|NULL_NO_CRYSTAL_DRIVE|NULL_OFF_FREQUENCY_CRYSTAL,SIMULATION_ESTIMATE
V6C_0260,224,0.443377,MODEL_CANDIDATE,288,37,14,0.572516,WELL_FORMED_CANDIDATE,1683456.0,4096.0,1.0,,,ALL_37,NONE,NONE,,S_PARAMETERS,NULL_ALL_ACTIVE_RING|NULL_NO_CRYSTAL_DRIVE|NULL_OFF_FREQUENCY_CRYSTAL,SIMULATION_ESTIMATE
V6C_0102,225,0.441732,MODEL_CANDIDATE,377,37,12,0.37488,SHALLOW_NOT_WELL_FORMED,1683456.0,4096.0,1.33,,,ALL_37,NONE,NONE,S_PARAMETERS|SIDEBANDS|NEAR_FIELD_B,S_PARAMETERS|SIDEBANDS|NEAR_FIELD_B,NULL_ALL_ACTIVE_RING|NULL_NO_CRYSTAL_DRIVE|NULL_OFF_FREQUENCY_CRYSTAL,SIMULATION_ESTIMATE
V6C_0103,226,0.441732,MODEL_CANDIDATE,377,37,12,0.37488,SHALLOW_NOT_WELL_FORMED,1683456.0,4096.0,2.1,,,ALL_37,NONE,NONE,S_PARAMETERS|SIDEBANDS|NEAR_FIELD_B,S_PARAMETERS|SIDEBANDS|NEAR_FIELD_B,NULL_ALL_ACTIVE_RING|NULL_NO_CRYSTAL_DRIVE|NULL_OFF_FREQUENCY_CRYSTAL,SIMULATION_ESTIMATE
V6C_0104,227,0.441732,MODEL_CANDIDATE,377,37,12,0.37488,SHALLOW_NOT_WELL_FORMED,1683456.0,4096.0,3.8,,,ALL_37,NONE,NONE,S_PARAMETERS|SIDEBANDS|NEAR_FIELD_B,S_PARAMETERS|SIDEBANDS|NEAR_FIELD_B,NULL_ALL_ACTIVE_RING|NULL_NO_CRYSTAL_DRIVE|NULL_OFF_FREQUENCY_CRYSTAL,SIMULATION_ESTIMATE
V6C_0105,228,0.441732,MODEL_CANDIDATE,377,37,12,0.37488,SHALLOW_NOT_WELL_FORMED,1683456.0,4096.0,4.5,,,ALL_37,NONE,NONE,S_PARAMETERS|SIDEBANDS|NEAR_FIELD_B,S_PARAMETERS|SIDEBANDS|NEAR_FIELD_B,NULL_ALL_ACTIVE_RING|NULL_NO_CRYSTAL_DRIVE|NULL_OFF_FREQUENCY_CRYSTAL,SIMULATION_ESTIMATE
V6C_0054,229,0.439573,MODEL_CANDIDATE,288,37,8,0.327152,SHALLOW_NOT_WELL_FORMED,1683456.0,4096.0,3.8,,,ALL_37,NONE,NONE,S_PARAMETERS|SIDEBANDS|NEAR_FIELD_B,S_PARAMETERS|SIDEBANDS|NEAR_FIELD_B,NULL_ALL_ACTIVE_RING|NULL_NO_CRYSTAL_DRIVE|NULL_OFF_FREQUENCY_CRYSTAL,SIMULATION_ESTIMATE
V6C_0055,230,0.439573,MODEL_CANDIDATE,288,37,8,0.327152,SHALLOW_NOT_WELL_FORMED,1683456.0,4096.0,4.5,,,ALL_37,NONE,NONE,S_PARAMETERS|SIDEBANDS|NEAR_FIELD_B,S_PARAMETERS|SIDEBANDS|NEAR_FIELD_B,NULL_ALL_ACTIVE_RING|NULL_NO_CRYSTAL_DRIVE|NULL_OFF_FREQUENCY_CRYSTAL,SIMULATION_ESTIMATE
V6C_0266,231,0.438377,NEEDS_SOURCE,288,37,14,0.572516,WELL_FORMED_CANDIDATE,1683456.0,4096.0,1.0,,,ALL_37,NONE,NONE,ATR,ATR,NULL_ALL_ACTIVE_RING|NULL_NO_CRYSTAL_DRIVE|NULL_OFF_FREQUENCY_CRYSTAL,SIMULATION_ESTIMATE
V6C_0267,232,0.438377,NEEDS_SOURCE,288,37,14,0.572516,WELL_FORMED_CANDIDATE,1683456.0,4096.0,1.0,,,ALL_37,NONE,NONE,S_SNOM,S_SNOM,NULL_ALL_ACTIVE_RING|NULL_NO_CRYSTAL_DRIVE|NULL_OFF_FREQUENCY_CRYSTAL,SIMULATION_ESTIMATE
V6C_0271,233,0.438377,NEEDS_SOURCE,288,37,14,0.572516,WELL_FORMED_CANDIDATE,1683456.0,4096.0,1.0,,,ALL_37,NONE,NONE,ATR,ATR,NULL_ALL_ACTIVE_RING|NULL_NO_CRYSTAL_DRIVE|NULL_OFF_FREQUENCY_CRYSTAL,SIMULATION_ESTIMATE
V6C_0272,234,0.438377,NEEDS_SOURCE,288,37,14,0.572516,WELL_FORMED_CANDIDATE,1683456.0,4096.0,1.0,,,ALL_37,NONE,NONE,S_SNOM,S_SNOM,NULL_ALL_ACTIVE_RING|NULL_NO_CRYSTAL_DRIVE|NULL_OFF_FREQUENCY_CRYSTAL,SIMULATION_ESTIMATE
V6C_0151,235,0.434824,MODEL_CANDIDATE,466,37,14,0.353829,SHALLOW_NOT_WELL_FORMED,1683456.0,4096.0,1.0,,,ALL_37,NONE,NONE,S_PARAMETERS|SIDEBANDS|NEAR_FIELD_B,S_PARAMETERS|SIDEBANDS|NEAR_FIELD_B,NULL_ALL_ACTIVE_RING|NULL_NO_CRYSTAL_DRIVE|NULL_OFF_FREQUENCY_CRYSTAL,SIMULATION_ESTIMATE
V6C_0152,236,0.434824,MODEL_CANDIDATE,466,37,14,0.353829,SHALLOW_NOT_WELL_FORMED,1683456.0,4096.0,1.33,,,ALL_37,NONE,NONE,S_PARAMETERS|SIDEBANDS|NEAR_FIELD_B,S_PARAMETERS|SIDEBANDS|NEAR_FIELD_B,NULL_ALL_ACTIVE_RING|NULL_NO_CRYSTAL_DRIVE|NULL_OFF_FREQUENCY_CRYSTAL,SIMULATION_ESTIMATE
V6C_0153,237,0.434824,MODEL_CANDIDATE,466,37,14,0.353829,SHALLOW_NOT_WELL_FORMED,1683456.0,4096.0,2.1,,,ALL_37,NONE,NONE,S_PARAMETERS|SIDEBANDS|NEAR_FIELD_B,S_PARAMETERS|SIDEBANDS|NEAR_FIELD_B,NULL_ALL_ACTIVE_RING|NULL_NO_CRYSTAL_DRIVE|NULL_OFF_FREQUENCY_CRYSTAL,SIMULATION_ESTIMATE
V6C_0154,238,0.434824,MODEL_CANDIDATE,466,37,14,0.353829,SHALLOW_NOT_WELL_FORMED,1683456.0,4096.0,3.8,,,ALL_37,NONE,NONE,S_PARAMETERS|SIDEBANDS|NEAR_FIELD_B,S_PARAMETERS|SIDEBANDS|NEAR_FIELD_B,NULL_ALL_ACTIVE_RING|NULL_NO_CRYSTAL_DRIVE|NULL_OFF_FREQUENCY_CRYSTAL,SIMULATION_ESTIMATE
V6C_0155,239,0.434824,MODEL_CANDIDATE,466,37,14,0.353829,SHALLOW_NOT_WELL_FORMED,1683456.0,4096.0,4.5,,,ALL_37,NONE,NONE,S_PARAMETERS|SIDEBANDS|NEAR_FIELD_B,S_PARAMETERS|SIDEBANDS|NEAR_FIELD_B,NULL_ALL_ACTIVE_RING|NULL_NO_CRYSTAL_DRIVE|NULL_OFF_FREQUENCY_CRYSTAL,SIMULATION_ESTIMATE
V6C_0268,240,0.433377,NEEDS_SOURCE,288,37,14,0.572516,WELL_FORMED_CANDIDATE,1683456.0,4096.0,1.0,,,ALL_37,NONE,NONE,THYR_FUTURE,THYR_FUTURE,NULL_ALL_ACTIVE_RING|NULL_NO_CRYSTAL_DRIVE|NULL_OFF_FREQUENCY_CRYSTAL,SIMULATION_ESTIMATE
V6C_0269,241,0.433377,NEEDS_SOURCE,288,37,14,0.572516,WELL_FORMED_CANDIDATE,1683456.0,4096.0,1.0,,,ALL_37,NONE,NONE,RAMAN_FTIR,RAMAN_FTIR,NULL_ALL_ACTIVE_RING|NULL_NO_CRYSTAL_DRIVE|NULL_OFF_FREQUENCY_CRYSTAL,SIMULATION_ESTIMATE
V6C_0273,242,0.433377,NEEDS_SOURCE,288,37,14,0.572516,WELL_FORMED_CANDIDATE,1683456.0,4096.0,1.0,,,ALL_37,NONE,NONE,THYR_FUTURE,THYR_FUTURE,NULL_ALL_ACTIVE_RING|NULL_NO_CRYSTAL_DRIVE|NULL_OFF_FREQUENCY_CRYSTAL,SIMULATION_ESTIMATE
V6C_0274,243,0.433377,NEEDS_SOURCE,288,37,14,0.572516,WELL_FORMED_CANDIDATE,1683456.0,4096.0,1.0,,,ALL_37,NONE,NONE,RAMAN_FTIR,RAMAN_FTIR,NULL_ALL_ACTIVE_RING|NULL_NO_CRYSTAL_DRIVE|NULL_OFF_FREQUENCY_CRYSTAL,SIMULATION_ESTIMATE
V6C_0101,244,0.432982,MODEL_CANDIDATE,377,37,12,0.37488,SHALLOW_NOT_WELL_FORMED,1683456.0,4096.0,1.0,,,ALL_37,NONE,NONE,S_PARAMETERS|SIDEBANDS|NEAR_FIELD_B,S_PARAMETERS|SIDEBANDS|NEAR_FIELD_B,NULL_ALL_ACTIVE_RING|NULL_NO_CRYSTAL_DRIVE|NULL_OFF_FREQUENCY_CRYSTAL,SIMULATION_ESTIMATE
V6C_0051,245,0.430823,MODEL_CANDIDATE,288,37,8,0.327152,SHALLOW_NOT_WELL_FORMED,1683456.0,4096.0,1.0,,,ALL_37,NONE,NONE,S_PARAMETERS|SIDEBANDS|NEAR_FIELD_B,S_PARAMETERS|SIDEBANDS|NEAR_FIELD_B,NULL_ALL_ACTIVE_RING|NULL_NO_CRYSTAL_DRIVE|NULL_OFF_FREQUENCY_CRYSTAL,SIMULATION_ESTIMATE
V6C_0052,246,0.430823,MODEL_CANDIDATE,288,37,8,0.327152,SHALLOW_NOT_WELL_FORMED,1683456.0,4096.0,1.33,,,ALL_37,NONE,NONE,S_PARAMETERS|SIDEBANDS|NEAR_FIELD_B,S_PARAMETERS|SIDEBANDS|NEAR_FIELD_B,NULL_ALL_ACTIVE_RING|NULL_NO_CRYSTAL_DRIVE|NULL_OFF_FREQUENCY_CRYSTAL,SIMULATION_ESTIMATE
V6C_0053,247,0.430823,MODEL_CANDIDATE,288,37,8,0.327152,SHALLOW_NOT_WELL_FORMED,1683456.0,4096.0,2.1,,,ALL_37,NONE,NONE,S_PARAMETERS|SIDEBANDS|NEAR_FIELD_B,S_PARAMETERS|SIDEBANDS|NEAR_FIELD_B,NULL_ALL_ACTIVE_RING|NULL_NO_CRYSTAL_DRIVE|NULL_OFF_FREQUENCY_CRYSTAL,SIMULATION_ESTIMATE
V6C_0147,248,0.427242,MODEL_CANDIDATE,466,37,12,0.303282,SHALLOW_NOT_WELL_FORMED,1683456.0,4096.0,1.33,,,ALL_37,NONE,NONE,S_PARAMETERS|SIDEBANDS|NEAR_FIELD_B,S_PARAMETERS|SIDEBANDS|NEAR_FIELD_B,NULL_ALL_ACTIVE_RING|NULL_NO_CRYSTAL_DRIVE|NULL_OFF_FREQUENCY_CRYSTAL,SIMULATION_ESTIMATE
V6C_0148,249,0.427242,MODEL_CANDIDATE,466,37,12,0.303282,SHALLOW_NOT_WELL_FORMED,1683456.0,4096.0,2.1,,,ALL_37,NONE,NONE,S_PARAMETERS|SIDEBANDS|NEAR_FIELD_B,S_PARAMETERS|SIDEBANDS|NEAR_FIELD_B,NULL_ALL_ACTIVE_RING|NULL_NO_CRYSTAL_DRIVE|NULL_OFF_FREQUENCY_CRYSTAL,SIMULATION_ESTIMATE
V6C_0149,250,0.427242,MODEL_CANDIDATE,466,37,12,0.303282,SHALLOW_NOT_WELL_FORMED,1683456.0,4096.0,3.8,,,ALL_37,NONE,NONE,S_PARAMETERS|SIDEBANDS|NEAR_FIELD_B,S_PARAMETERS|SIDEBANDS|NEAR_FIELD_B,NULL_ALL_ACTIVE_RING|NULL_NO_CRYSTAL_DRIVE|NULL_OFF_FREQUENCY_CRYSTAL,SIMULATION_ESTIMATE
V6C_0150,251,0.427242,MODEL_CANDIDATE,466,37,12,0.303282,SHALLOW_NOT_WELL_FORMED,1683456.0,4096.0,4.5,,,ALL_37,NONE,NONE,S_PARAMETERS|SIDEBANDS|NEAR_FIELD_B,S_PARAMETERS|SIDEBANDS|NEAR_FIELD_B,NULL_ALL_ACTIVE_RING|NULL_NO_CRYSTAL_DRIVE|NULL_OFF_FREQUENCY_CRYSTAL,SIMULATION_ESTIMATE
V6C_0099,252,0.422988,MODEL_CANDIDATE,377,37,8,0.24992,SHALLOW_NOT_WELL_FORMED,1683456.0,4096.0,3.8,,,ALL_37,NONE,NONE,S_PARAMETERS|SIDEBANDS|NEAR_FIELD_B,S_PARAMETERS|SIDEBANDS|NEAR_FIELD_B,NULL_ALL_ACTIVE_RING|NULL_NO_CRYSTAL_DRIVE|NULL_OFF_FREQUENCY_CRYSTAL,SIMULATION_ESTIMATE
V6C_0100,253,0.422988,MODEL_CANDIDATE,377,37,8,0.24992,SHALLOW_NOT_WELL_FORMED,1683456.0,4096.0,4.5,,,ALL_37,NONE,NONE,S_PARAMETERS|SIDEBANDS|NEAR_FIELD_B,S_PARAMETERS|SIDEBANDS|NEAR_FIELD_B,NULL_ALL_ACTIVE_RING|NULL_NO_CRYSTAL_DRIVE|NULL_OFF_FREQUENCY_CRYSTAL,SIMULATION_ESTIMATE
V6C_0001,254,0.419338,MODEL_CANDIDATE,188,37,4,0.250584,SHALLOW_NOT_WELL_FORMED,1683456.0,4096.0,1.0,,,ALL_37,NONE,NONE,S_PARAMETERS|SIDEBANDS|NEAR_FIELD_B,S_PARAMETERS|SIDEBANDS|NEAR_FIELD_B,NULL_ALL_ACTIVE_RING|NULL_NO_CRYSTAL_DRIVE|NULL_OFF_FREQUENCY_CRYSTAL,SIMULATION_ESTIMATE
V6C_0002,255,0.419338,MODEL_CANDIDATE,188,37,4,0.250584,SHALLOW_NOT_WELL_FORMED,1683456.0,4096.0,1.33,,,ALL_37,NONE,NONE,S_PARAMETERS|SIDEBANDS|NEAR_FIELD_B,S_PARAMETERS|SIDEBANDS|NEAR_FIELD_B,NULL_ALL_ACTIVE_RING|NULL_NO_CRYSTAL_DRIVE|NULL_OFF_FREQUENCY_CRYSTAL,SIMULATION_ESTIMATE
V6C_0003,256,0.419338,MODEL_CANDIDATE,188,37,4,0.250584,SHALLOW_NOT_WELL_FORMED,1683456.0,4096.0,2.1,,,ALL_37,NONE,NONE,S_PARAMETERS|SIDEBANDS|NEAR_FIELD_B,S_PARAMETERS|SIDEBANDS|NEAR_FIELD_B,NULL_ALL_ACTIVE_RING|NULL_NO_CRYSTAL_DRIVE|NULL_OFF_FREQUENCY_CRYSTAL,SIMULATION_ESTIMATE
V6C_0004,257,0.419338,MODEL_CANDIDATE,188,37,4,0.250584,SHALLOW_NOT_WELL_FORMED,1683456.0,4096.0,3.8,,,ALL_37,NONE,NONE,S_PARAMETERS|SIDEBANDS|NEAR_FIELD_B,S_PARAMETERS|SIDEBANDS|NEAR_FIELD_B,NULL_ALL_ACTIVE_RING|NULL_NO_CRYSTAL_DRIVE|NULL_OFF_FREQUENCY_CRYSTAL,SIMULATION_ESTIMATE
V6C_0005,258,0.419338,MODEL_CANDIDATE,188,37,4,0.250584,SHALLOW_NOT_WELL_FORMED,1683456.0,4096.0,4.5,,,ALL_37,NONE,NONE,S_PARAMETERS|SIDEBANDS|NEAR_FIELD_B,S_PARAMETERS|SIDEBANDS|NEAR_FIELD_B,NULL_ALL_ACTIVE_RING|NULL_NO_CRYSTAL_DRIVE|NULL_OFF_FREQUENCY_CRYSTAL,SIMULATION_ESTIMATE
V6C_0146,259,0.418492,MODEL_CANDIDATE,466,37,12,0.303282,SHALLOW_NOT_WELL_FORMED,1683456.0,4096.0,1.0,,,ALL_37,NONE,NONE,S_PARAMETERS|SIDEBANDS|NEAR_FIELD_B,S_PARAMETERS|SIDEBANDS|NEAR_FIELD_B,NULL_ALL_ACTIVE_RING|NULL_NO_CRYSTAL_DRIVE|NULL_OFF_FREQUENCY_CRYSTAL,SIMULATION_ESTIMATE
V6C_0096,260,0.414238,MODEL_CANDIDATE,377,37,8,0.24992,SHALLOW_NOT_WELL_FORMED,1683456.0,4096.0,1.0,,,ALL_37,NONE,NONE,S_PARAMETERS|SIDEBANDS|NEAR_FIELD_B,S_PARAMETERS|SIDEBANDS|NEAR_FIELD_B,NULL_ALL_ACTIVE_RING|NULL_NO_CRYSTAL_DRIVE|NULL_OFF_FREQUENCY_CRYSTAL,SIMULATION_ESTIMATE
V6C_0097,261,0.414238,MODEL_CANDIDATE,377,37,8,0.24992,SHALLOW_NOT_WELL_FORMED,1683456.0,4096.0,1.33,,,ALL_37,NONE,NONE,S_PARAMETERS|SIDEBANDS|NEAR_FIELD_B,S_PARAMETERS|SIDEBANDS|NEAR_FIELD_B,NULL_ALL_ACTIVE_RING|NULL_NO_CRYSTAL_DRIVE|NULL_OFF_FREQUENCY_CRYSTAL,SIMULATION_ESTIMATE
V6C_0098,262,0.414238,MODEL_CANDIDATE,377,37,8,0.24992,SHALLOW_NOT_WELL_FORMED,1683456.0,4096.0,2.1,,,ALL_37,NONE,NONE,S_PARAMETERS|SIDEBANDS|NEAR_FIELD_B,S_PARAMETERS|SIDEBANDS|NEAR_FIELD_B,NULL_ALL_ACTIVE_RING|NULL_NO_CRYSTAL_DRIVE|NULL_OFF_FREQUENCY_CRYSTAL,SIMULATION_ESTIMATE
V6C_0144,263,0.412078,MODEL_CANDIDATE,466,37,8,0.202188,SHALLOW_NOT_WELL_FORMED,1683456.0,4096.0,3.8,,,ALL_37,NONE,NONE,S_PARAMETERS|SIDEBANDS|NEAR_FIELD_B,S_PARAMETERS|SIDEBANDS|NEAR_FIELD_B,NULL_ALL_ACTIVE_RING|NULL_NO_CRYSTAL_DRIVE|NULL_OFF_FREQUENCY_CRYSTAL,SIMULATION_ESTIMATE
V6C_0145,264,0.412078,MODEL_CANDIDATE,466,37,8,0.202188,SHALLOW_NOT_WELL_FORMED,1683456.0,4096.0,4.5,,,ALL_37,NONE,NONE,S_PARAMETERS|SIDEBANDS|NEAR_FIELD_B,S_PARAMETERS|SIDEBANDS|NEAR_FIELD_B,NULL_ALL_ACTIVE_RING|NULL_NO_CRYSTAL_DRIVE|NULL_OFF_FREQUENCY_CRYSTAL,SIMULATION_ESTIMATE
V6C_0046,265,0.406286,MODEL_CANDIDATE,288,37,4,0.163576,SHALLOW_NOT_WELL_FORMED,1683456.0,4096.0,1.0,,,ALL_37,NONE,NONE,S_PARAMETERS|SIDEBANDS|NEAR_FIELD_B,S_PARAMETERS|SIDEBANDS|NEAR_FIELD_B,NULL_ALL_ACTIVE_RING|NULL_NO_CRYSTAL_DRIVE|NULL_OFF_FREQUENCY_CRYSTAL,SIMULATION_ESTIMATE
V6C_0047,266,0.406286,MODEL_CANDIDATE,288,37,4,0.163576,SHALLOW_NOT_WELL_FORMED,1683456.0,4096.0,1.33,,,ALL_37,NONE,NONE,S_PARAMETERS|SIDEBANDS|NEAR_FIELD_B,S_PARAMETERS|SIDEBANDS|NEAR_FIELD_B,NULL_ALL_ACTIVE_RING|NULL_NO_CRYSTAL_DRIVE|NULL_OFF_FREQUENCY_CRYSTAL,SIMULATION_ESTIMATE
V6C_0048,267,0.406286,MODEL_CANDIDATE,288,37,4,0.163576,SHALLOW_NOT_WELL_FORMED,1683456.0,4096.0,2.1,,,ALL_37,NONE,NONE,S_PARAMETERS|SIDEBANDS|NEAR_FIELD_B,S_PARAMETERS|SIDEBANDS|NEAR_FIELD_B,NULL_ALL_ACTIVE_RING|NULL_NO_CRYSTAL_DRIVE|NULL_OFF_FREQUENCY_CRYSTAL,SIMULATION_ESTIMATE
V6C_0049,268,0.406286,MODEL_CANDIDATE,288,37,4,0.163576,SHALLOW_NOT_WELL_FORMED,1683456.0,4096.0,3.8,,,ALL_37,NONE,NONE,S_PARAMETERS|SIDEBANDS|NEAR_FIELD_B,S_PARAMETERS|SIDEBANDS|NEAR_FIELD_B,NULL_ALL_ACTIVE_RING|NULL_NO_CRYSTAL_DRIVE|NULL_OFF_FREQUENCY_CRYSTAL,SIMULATION_ESTIMATE
V6C_0050,269,0.406286,MODEL_CANDIDATE,288,37,4,0.163576,SHALLOW_NOT_WELL_FORMED,1683456.0,4096.0,4.5,,,ALL_37,NONE,NONE,S_PARAMETERS|SIDEBANDS|NEAR_FIELD_B,S_PARAMETERS|SIDEBANDS|NEAR_FIELD_B,NULL_ALL_ACTIVE_RING|NULL_NO_CRYSTAL_DRIVE|NULL_OFF_FREQUENCY_CRYSTAL,SIMULATION_ESTIMATE
V6C_0141,270,0.403328,MODEL_CANDIDATE,466,37,8,0.202188,SHALLOW_NOT_WELL_FORMED,1683456.0,4096.0,1.0,,,ALL_37,NONE,NONE,S_PARAMETERS|SIDEBANDS|NEAR_FIELD_B,S_PARAMETERS|SIDEBANDS|NEAR_FIELD_B,NULL_ALL_ACTIVE_RING|NULL_NO_CRYSTAL_DRIVE|NULL_OFF_FREQUENCY_CRYSTAL,SIMULATION_ESTIMATE
V6C_0142,271,0.403328,MODEL_CANDIDATE,466,37,8,0.202188,SHALLOW_NOT_WELL_FORMED,1683456.0,4096.0,1.33,,,ALL_37,NONE,NONE,S_PARAMETERS|SIDEBANDS|NEAR_FIELD_B,S_PARAMETERS|SIDEBANDS|NEAR_FIELD_B,NULL_ALL_ACTIVE_RING|NULL_NO_CRYSTAL_DRIVE|NULL_OFF_FREQUENCY_CRYSTAL,SIMULATION_ESTIMATE
V6C_0143,272,0.403328,MODEL_CANDIDATE,466,37,8,0.202188,SHALLOW_NOT_WELL_FORMED,1683456.0,4096.0,2.1,,,ALL_37,NONE,NONE,S_PARAMETERS|SIDEBANDS|NEAR_FIELD_B,S_PARAMETERS|SIDEBANDS|NEAR_FIELD_B,NULL_ALL_ACTIVE_RING|NULL_NO_CRYSTAL_DRIVE|NULL_OFF_FREQUENCY_CRYSTAL,SIMULATION_ESTIMATE
V6C_0265,273,0.398377,NEEDS_SOURCE,288,37,14,0.572516,WELL_FORMED_CANDIDATE,1683456.0,4096.0,1.0,,,ALL_37,NONE,NONE,,S_PARAMETERS,NULL_ALL_ACTIVE_RING|NULL_NO_CRYSTAL_DRIVE|NULL_OFF_FREQUENCY_CRYSTAL,SIMULATION_ESTIMATE
V6C_0270,274,0.398377,NEEDS_SOURCE,288,37,14,0.572516,WELL_FORMED_CANDIDATE,1683456.0,4096.0,1.0,,,ALL_37,NONE,NONE,,S_PARAMETERS,NULL_ALL_ACTIVE_RING|NULL_NO_CRYSTAL_DRIVE|NULL_OFF_FREQUENCY_CRYSTAL,SIMULATION_ESTIMATE
V6C_0091,275,0.395494,MODEL_CANDIDATE,377,37,4,0.12496,SHALLOW_NOT_WELL_FORMED,1683456.0,4096.0,1.0,,,ALL_37,NONE,NONE,S_PARAMETERS|SIDEBANDS|NEAR_FIELD_B,S_PARAMETERS|SIDEBANDS|NEAR_FIELD_B,NULL_ALL_ACTIVE_RING|NULL_NO_CRYSTAL_DRIVE|NULL_OFF_FREQUENCY_CRYSTAL,SIMULATION_ESTIMATE
V6C_0092,276,0.395494,MODEL_CANDIDATE,377,37,4,0.12496,SHALLOW_NOT_WELL_FORMED,1683456.0,4096.0,1.33,,,ALL_37,NONE,NONE,S_PARAMETERS|SIDEBANDS|NEAR_FIELD_B,S_PARAMETERS|SIDEBANDS|NEAR_FIELD_B,NULL_ALL_ACTIVE_RING|NULL_NO_CRYSTAL_DRIVE|NULL_OFF_FREQUENCY_CRYSTAL,SIMULATION_ESTIMATE
V6C_0093,277,0.395494,MODEL_CANDIDATE,377,37,4,0.12496,SHALLOW_NOT_WELL_FORMED,1683456.0,4096.0,2.1,,,ALL_37,NONE,NONE,S_PARAMETERS|SIDEBANDS|NEAR_FIELD_B,S_PARAMETERS|SIDEBANDS|NEAR_FIELD_B,NULL_ALL_ACTIVE_RING|NULL_NO_CRYSTAL_DRIVE|NULL_OFF_FREQUENCY_CRYSTAL,SIMULATION_ESTIMATE
V6C_0094,278,0.395494,MODEL_CANDIDATE,377,37,4,0.12496,SHALLOW_NOT_WELL_FORMED,1683456.0,4096.0,3.8,,,ALL_37,NONE,NONE,S_PARAMETERS|SIDEBANDS|NEAR_FIELD_B,S_PARAMETERS|SIDEBANDS|NEAR_FIELD_B,NULL_ALL_ACTIVE_RING|NULL_NO_CRYSTAL_DRIVE|NULL_OFF_FREQUENCY_CRYSTAL,SIMULATION_ESTIMATE
V6C_0095,279,0.395494,MODEL_CANDIDATE,377,37,4,0.12496,SHALLOW_NOT_WELL_FORMED,1683456.0,4096.0,4.5,,,ALL_37,NONE,NONE,S_PARAMETERS|SIDEBANDS|NEAR_FIELD_B,S_PARAMETERS|SIDEBANDS|NEAR_FIELD_B,NULL_ALL_ACTIVE_RING|NULL_NO_CRYSTAL_DRIVE|NULL_OFF_FREQUENCY_CRYSTAL,SIMULATION_ESTIMATE
V6C_0136,280,0.388164,MODEL_CANDIDATE,466,37,4,0.101094,SHALLOW_NOT_WELL_FORMED,1683456.0,4096.0,1.0,,,ALL_37,NONE,NONE,S_PARAMETERS|SIDEBANDS|NEAR_FIELD_B,S_PARAMETERS|SIDEBANDS|NEAR_FIELD_B,NULL_ALL_ACTIVE_RING|NULL_NO_CRYSTAL_DRIVE|NULL_OFF_FREQUENCY_CRYSTAL,SIMULATION_ESTIMATE
V6C_0137,281,0.388164,MODEL_CANDIDATE,466,37,4,0.101094,SHALLOW_NOT_WELL_FORMED,1683456.0,4096.0,1.33,,,ALL_37,NONE,NONE,S_PARAMETERS|SIDEBANDS|NEAR_FIELD_B,S_PARAMETERS|SIDEBANDS|NEAR_FIELD_B,NULL_ALL_ACTIVE_RING|NULL_NO_CRYSTAL_DRIVE|NULL_OFF_FREQUENCY_CRYSTAL,SIMULATION_ESTIMATE
V6C_0138,282,0.388164,MODEL_CANDIDATE,466,37,4,0.101094,SHALLOW_NOT_WELL_FORMED,1683456.0,4096.0,2.1,,,ALL_37,NONE,NONE,S_PARAMETERS|SIDEBANDS|NEAR_FIELD_B,S_PARAMETERS|SIDEBANDS|NEAR_FIELD_B,NULL_ALL_ACTIVE_RING|NULL_NO_CRYSTAL_DRIVE|NULL_OFF_FREQUENCY_CRYSTAL,SIMULATION_ESTIMATE
V6C_0139,283,0.388164,MODEL_CANDIDATE,466,37,4,0.101094,SHALLOW_NOT_WELL_FORMED,1683456.0,4096.0,3.8,,,ALL_37,NONE,NONE,S_PARAMETERS|SIDEBANDS|NEAR_FIELD_B,S_PARAMETERS|SIDEBANDS|NEAR_FIELD_B,NULL_ALL_ACTIVE_RING|NULL_NO_CRYSTAL_DRIVE|NULL_OFF_FREQUENCY_CRYSTAL,SIMULATION_ESTIMATE
V6C_0140,284,0.388164,MODEL_CANDIDATE,466,37,4,0.101094,SHALLOW_NOT_WELL_FORMED,1683456.0,4096.0,4.5,,,ALL_37,NONE,NONE,S_PARAMETERS|SIDEBANDS|NEAR_FIELD_B,S_PARAMETERS|SIDEBANDS|NEAR_FIELD_B,NULL_ALL_ACTIVE_RING|NULL_NO_CRYSTAL_DRIVE|NULL_OFF_FREQUENCY_CRYSTAL,SIMULATION_ESTIMATE
