formation_id,name,source_url,rank,score_total,classification,ratio_band,count_family,scale_family,inner_outer_ratio,satellite_count,outer_diameter_m,nearest_rgcs_family,needed_measurement,claim_status,v6_candidate_proximity_score
CC-2020-06-02-BREDA-NOORD-BRABANT,Breda | Noord Brabant,https://www.cropcirclecenter.com/ccdata/2020/06/02/NL20200602_A.html,1,0.61,CROP_RATIO_MATCH,EXACT,PRIME_FAMILY,NEEDS_SOURCE_DIMENSION,0.652174,5,,47/72_RING,absolute diameter by drone photogrammetry or diagram scale,MODEL_COMPARISON_ONLY,0.6
CC-2020-06-02-HOEVEN-NOORD-BRABANT-2,Hoeven | Noord Brabant,https://www.cropcirclecenter.com/ccdata/2020/06/02/NL20200602_B.html,2,0.57,CROP_RATIO_MATCH,STRONG,PRIME_FAMILY,NEEDS_SOURCE_DIMENSION,0.648936,3,,47/72_RING,absolute diameter by drone photogrammetry or diagram scale,MODEL_COMPARISON_ONLY,0.6
CC-2006-07-09-BRAGBURY-LANE-HERTFORDSHIRE,Bragbury Lane | Hertfordshire,https://www.cropcirclecenter.com/ccdata/2006/07/09/UK20060709_A.html,3,0.56,CROP_RATIO_MATCH,EXACT,PRIME_FAMILY,NEEDS_SOURCE_DIMENSION,0.653061,11,,47/72_RING,absolute diameter by drone photogrammetry or diagram scale,MODEL_COMPARISON_ONLY,0.6
CC-2017-04-26-RUCPHEN-NOORD-BRABANT,Rucphen | Noord Brabant,https://www.cropcirclecenter.com/ccdata/2017/04/26/NL20170426_A.html,4,0.535,CROP_RATIO_MATCH,STRONG,DYADIC_FAMILY,NEEDS_SOURCE_DIMENSION,0.656,4,,47/72_RING,absolute diameter by drone photogrammetry or diagram scale,MODEL_COMPARISON_ONLY,0.6
CC-2017-09-09-BOOSCHENHOOFD-NOORD-BRABANT,Booschenhoofd | Noord Brabant,https://www.cropcirclecenter.com/ccdata/2017/09/09/NL20170909_A.html,5,0.535,CROP_RATIO_MATCH,STRONG,DYADIC_FAMILY,NEEDS_SOURCE_DIMENSION,0.657895,8,,47/72_RING,absolute diameter by drone photogrammetry or diagram scale,MODEL_COMPARISON_ONLY,0.6
CC-2010-07-12-STOCKBRIDGE-HAMPSHIRE-2,Stockbridge | Hampshire,https://www.cropcirclecenter.com/ccdata/2010/07/12/UK20100712_B.html,6,0.52,CROP_RATIO_MATCH,STRONG,PRIME_FAMILY,NEEDS_SOURCE_DIMENSION,0.655914,3,,47/72_RING,absolute diameter by drone photogrammetry or diagram scale,MODEL_COMPARISON_ONLY,0.6
CC-2010-08-15-BALLESTAD-TELEMARK,Ballestad | Telemark,https://www.cropcirclecenter.com/ccdata/2010/08/15/NO20100815_A.html,7,0.52,CROP_RATIO_MATCH,STRONG,PRIME_FAMILY,NEEDS_SOURCE_DIMENSION,0.658333,3,,47/72_RING,absolute diameter by drone photogrammetry or diagram scale,MODEL_COMPARISON_ONLY,0.6
CC-2014-UNKNOWN-LANDAU-RHEINLAND-PFALZ-2,Landau | Rheinland-Pfalz,https://www.cropcirclecenter.com/ccdata/2014/06/00/DE20140600_B.html,8,0.52,CROP_RATIO_MATCH,STRONG,PRIME_FAMILY,NEEDS_SOURCE_DIMENSION,0.655172,5,,47/72_RING,absolute diameter by drone photogrammetry or diagram scale,MODEL_COMPARISON_ONLY,0.6
CC-2021-08-30-TODWICK-SOUTH-YORKSHIRE,Todwick | South Yorkshire,https://www.cropcirclecenter.com/ccdata/2021/08/30/UK20210830_A.html,9,0.51,CROP_PHYSICS_COMPATIBILITY_CANDIDATE,MODERATE,PRIME_FAMILY,NEEDS_SOURCE_DIMENSION,0.644295,17,,47/72_RING,absolute diameter by drone photogrammetry or diagram scale,MODEL_COMPARISON_ONLY,0.6
CC-2022-08-03-CROP-CIRCLES-2022-DURING-AUGUST-THE-CROP-CIRCLE-CONNECT,Crop Circles 2022 During August - The Crop Circle Connector,https://www.cropcircleconnector.com/2022/August2022.html,10,0.51,CROP_PHYSICS_COMPATIBILITY_CANDIDATE,MODERATE,PRIME_FAMILY,NEEDS_SOURCE_DIMENSION,0.636364,7,,47/72_RING,absolute diameter by drone photogrammetry or diagram scale,MODEL_COMPARISON_ONLY,0.6
CC-2007-08-26-ABBOTSFORD-BRITISH-COLUMBIA,Abbotsford | British Columbia,https://www.cropcirclecenter.com/ccdata/2007/08/26/CA20070826_A.html,11,0.49,CROP_RATIO_MATCH,STRONG,COUNT_PRESENT_OTHER_FAMILY,NEEDS_SOURCE_DIMENSION,0.648148,15,,47/72_RING,absolute diameter by drone photogrammetry or diagram scale,MODEL_COMPARISON_ONLY,0.6
CC-2020-09-01-STOKE-MANDEVILLE-BUCKINGHAMSHIRE,Stoke Mandeville | Buckinghamshire,https://www.cropcirclecenter.com/ccdata/2020/09/01/UK20200901_A.html,12,0.48,CROP_RATIO_MATCH,STRONG,NO_COUNT,NEEDS_SOURCE_DIMENSION,0.65035,,,47/72_RING,absolute diameter by drone photogrammetry or diagram scale,MODEL_COMPARISON_ONLY,0.6
CC-2023-07-16-RUSHOCK-WORCESTERSHIRE,Rushock | Worcestershire,https://www.cropcirclecenter.com/ccdata/2023/07/16/UK20230716_A.html,13,0.48,CROP_PHYSICS_COMPATIBILITY_CANDIDATE,MODERATE,COUNT_PRESENT_OTHER_FAMILY,NEEDS_SOURCE_DIMENSION,0.666667,22,,47/72_RING,absolute diameter by drone photogrammetry or diagram scale,MODEL_COMPARISON_ONLY,0.6
CC-1992-06-19-BRIGHTON-SUSSEX,"Brighton, Sussex",https://www.cropcirclearchives.co.uk/archives/1992/Brighton1992b.html,14,0.475,CROP_PHYSICS_COMPATIBILITY_CANDIDATE,MODERATE,DYADIC_FAMILY,NEEDS_SOURCE_DIMENSION,0.666667,8,,47/72_RING,absolute diameter by drone photogrammetry or diagram scale,MODEL_COMPARISON_ONLY,0.6
CC-2006-10-20-HOEVEN-NOORD-BRABANT,Hoeven | Noord-Brabant,https://www.cropcirclecenter.com/ccdata/2006/10/20/NL20061020_A.html,15,0.475,CROP_PHYSICS_COMPATIBILITY_CANDIDATE,MODERATE,DYADIC_FAMILY,NEEDS_SOURCE_DIMENSION,0.64486,4,,47/72_RING,absolute diameter by drone photogrammetry or diagram scale,MODEL_COMPARISON_ONLY,0.6
CC-2009-07-31-HACKPEN-HILL-WILTSHIRE,Hackpen Hill | Wiltshire,https://www.cropcirclecenter.com/ccdata/2009/07/31/UK20090731_A.html,16,0.475,CROP_PHYSICS_COMPATIBILITY_CANDIDATE,MODERATE,DYADIC_FAMILY,NEEDS_SOURCE_DIMENSION,0.644737,4,,47/72_RING,absolute diameter by drone photogrammetry or diagram scale,MODEL_COMPARISON_ONLY,0.6
CC-2010-07-23-ASSEN-DRENTHE,Assen | Drenthe,https://www.cropcirclecenter.com/ccdata/2010/07/23/NL20100723_A.html,17,0.475,CROP_PHYSICS_COMPATIBILITY_CANDIDATE,MODERATE,DYADIC_FAMILY,NEEDS_SOURCE_DIMENSION,0.634146,4,,47/72_RING,absolute diameter by drone photogrammetry or diagram scale,MODEL_COMPARISON_ONLY,0.6
CC-2013-06-21-YATESBURY-WILTSHIRE-2,Yatesbury | Wiltshire,https://www.cropcirclecenter.com/ccdata/2013/06/21/UK20130621_B.html,18,0.475,CROP_PHYSICS_COMPATIBILITY_CANDIDATE,MODERATE,DYADIC_FAMILY,NEEDS_SOURCE_DIMENSION,0.664234,4,,47/72_RING,absolute diameter by drone photogrammetry or diagram scale,MODEL_COMPARISON_ONLY,0.6
CC-2017-04-18-HOEVEN-NOORD-BRABANT,Hoeven | Noord Brabant,https://www.cropcirclecenter.com/ccdata/2017/04/18/NL20170418_A.html,19,0.475,CROP_PHYSICS_COMPATIBILITY_CANDIDATE,MODERATE,DYADIC_FAMILY,NEEDS_SOURCE_DIMENSION,0.661417,8,,47/72_RING,absolute diameter by drone photogrammetry or diagram scale,MODEL_COMPARISON_ONLY,0.6
CC-2017-05-18-HOEVEN-NOORD-BRABANT-2,Hoeven | Noord Brabant,https://www.cropcirclecenter.com/ccdata/2017/05/18/NL20170518_B.html,20,0.475,CROP_PHYSICS_COMPATIBILITY_CANDIDATE,MODERATE,DYADIC_FAMILY,NEEDS_SOURCE_DIMENSION,0.638298,4,,47/72_RING,absolute diameter by drone photogrammetry or diagram scale,MODEL_COMPARISON_ONLY,0.6
CC-2007-03-13-HOEVEN-NOORD-BRABANT,Hoeven | Noord-Brabant,https://www.cropcirclecenter.com/ccdata/2007/03/13/NL20070313_A.html,21,0.47,CROP_RATIO_MATCH,EXACT,NO_COUNT,NEEDS_SOURCE_DIMENSION,0.652439,,,47/72_RING,absolute diameter by drone photogrammetry or diagram scale,MODEL_COMPARISON_ONLY,0.6
CC-2013-06-28-STEK-LIBERECKY-KRAJ,Ã stek | Liberecky kraj,https://www.cropcirclecenter.com/ccdata/2013/06/28/CZ20130628_A.html,22,0.47,CROP_RATIO_MATCH,EXACT,NO_COUNT,NEEDS_SOURCE_DIMENSION,0.654088,,,47/72_RING,absolute diameter by drone photogrammetry or diagram scale,MODEL_COMPARISON_ONLY,0.6
CC-2023-06-04-WINTERBOURNE-BASSETT-WILTS,"Winterbourne Bassett, Wilts",https://www.cropcirclecenter.com/ccdata/2023/06/04/UK20230604_A.html,23,0.47,CROP_37_PITCH_MATCH,REJECT,COUNT_37_EXACT,NEEDS_SOURCE_DIMENSION,0.719298,37,,COUNT_37_EXACT,absolute diameter by drone photogrammetry or diagram scale,MODEL_COMPARISON_ONLY,0.4
CC-2006-07-11-WALLISELLEN-Z-RICH,Wallisellen | Zürich,https://www.cropcirclecenter.com/ccdata/2006/07/11/CH20060711_A.html,24,0.46,CROP_PHYSICS_COMPATIBILITY_CANDIDATE,MODERATE,PRIME_FAMILY,NEEDS_SOURCE_DIMENSION,0.640351,29,,47/72_RING,absolute diameter by drone photogrammetry or diagram scale,MODEL_COMPARISON_ONLY,0.6
CC-2007-05-23-VO-VENETO-2,Vo | Veneto,https://www.cropcirclecenter.com/ccdata/2007/05/23/IT20070523_B.html,25,0.46,CROP_PHYSICS_COMPATIBILITY_CANDIDATE,MODERATE,PRIME_FAMILY,NEEDS_SOURCE_DIMENSION,0.666667,3,,47/72_RING,absolute diameter by drone photogrammetry or diagram scale,MODEL_COMPARISON_ONLY,0.6
CC-2008-07-17-CHISELDON-WILTSHIRE,Chiseldon | Wiltshire,https://www.cropcirclecenter.com/ccdata/2008/07/17/UK20080717_A.html,26,0.46,CROP_PHYSICS_COMPATIBILITY_CANDIDATE,MODERATE,PRIME_FAMILY,NEEDS_SOURCE_DIMENSION,0.668919,3,,47/72_RING,absolute diameter by drone photogrammetry or diagram scale,MODEL_COMPARISON_ONLY,0.6
CC-2011-07-12-BETRIX-WALLONIE,Betrix | Wallonie,https://www.cropcirclecenter.com/ccdata/2011/07/12/BE20110712_A.html,27,0.46,CROP_PHYSICS_COMPATIBILITY_CANDIDATE,MODERATE,PRIME_FAMILY,NEEDS_SOURCE_DIMENSION,0.645161,17,,47/72_RING,absolute diameter by drone photogrammetry or diagram scale,MODEL_COMPARISON_ONLY,0.6
CC-2012-06-01-PAESTUM-CAMPANIA-2,Paestum | Campania,https://www.cropcirclecenter.com/ccdata/2012/06/01/IT20120601_B.html,28,0.46,CROP_PHYSICS_COMPATIBILITY_CANDIDATE,MODERATE,PRIME_FAMILY,NEEDS_SOURCE_DIMENSION,0.661765,7,,47/72_RING,absolute diameter by drone photogrammetry or diagram scale,MODEL_COMPARISON_ONLY,0.6
CC-2012-06-21-HOEVEN-NOORD-BRABANT,Hoeven | Noord-Brabant,https://www.cropcirclecenter.com/ccdata/2012/06/21/NL20120621_A.html,29,0.46,CROP_PHYSICS_COMPATIBILITY_CANDIDATE,MODERATE,PRIME_FAMILY,NEEDS_SOURCE_DIMENSION,0.64,3,,47/72_RING,absolute diameter by drone photogrammetry or diagram scale,MODEL_COMPARISON_ONLY,0.6
CC-2014-07-09-WILMINGTON-EAST-SUSSEX-2,Wilmington | East Sussex,https://www.cropcirclecenter.com/ccdata/2014/07/09/UK20140709_B.html,30,0.46,CROP_PHYSICS_COMPATIBILITY_CANDIDATE,MODERATE,PRIME_FAMILY,NEEDS_SOURCE_DIMENSION,0.638889,29,,47/72_RING,absolute diameter by drone photogrammetry or diagram scale,MODEL_COMPARISON_ONLY,0.6
CC-2026-07-12-MILK-HILL-WILTS,"Milk Hill, Wilts",https://www.cropcirclecenter.com/ccdata/2026/07/12/UK20260712_A.html,31,0.46,CROP_PHYSICS_COMPATIBILITY_CANDIDATE,WEAK,PRIME_FAMILY,NEEDS_SOURCE_DIMENSION,0.630573,3,,PRIME_FAMILY,absolute diameter by drone photogrammetry or diagram scale,MODEL_COMPARISON_ONLY,0.6
CC-2009-06-23-MILK-HILL-WILTSHIRE,Milk Hill | Wiltshire,https://www.cropcirclecenter.com/ccdata/2009/06/23/UK20090623_A.html,32,0.43,NEEDS_SOURCE_DIMENSION,MODERATE,COUNT_PRESENT_OTHER_FAMILY,NEEDS_SOURCE_DIMENSION,0.645161,18,,47/72_RING,absolute diameter by drone photogrammetry or diagram scale,MODEL_COMPARISON_ONLY,0.6
CC-2010-05-27-MONTEGRANARO-MARCHE,Montegranaro | Marche,https://www.cropcirclecenter.com/ccdata/2010/05/27/IT20100527_A.html,33,0.43,CROP_RATIO_MATCH,STRONG,NO_COUNT,NEEDS_SOURCE_DIMENSION,0.658333,,,47/72_RING,absolute diameter by drone photogrammetry or diagram scale,MODEL_COMPARISON_ONLY,0.6
CC-2010-06-10-VARANO-MARCHE,Varano | Marche,https://www.cropcirclecenter.com/ccdata/2010/06/09/IT20100609_A.html,34,0.43,NEEDS_SOURCE_DIMENSION,MODERATE,COUNT_PRESENT_OTHER_FAMILY,NEEDS_SOURCE_DIMENSION,0.645714,15,,47/72_RING,absolute diameter by drone photogrammetry or diagram scale,MODEL_COMPARISON_ONLY,0.6
CC-2011-07-12-VELKY-MEZIRICI-KRAJ-VYSOCINA,Velky Mezirici | Kraj Vysocina,https://www.cropcirclecenter.com/ccdata/2011/07/12/CZ20110712_A.html,35,0.43,NEEDS_SOURCE_DIMENSION,MODERATE,COUNT_PRESENT_OTHER_FAMILY,NEEDS_SOURCE_DIMENSION,0.637931,22,,47/72_RING,absolute diameter by drone photogrammetry or diagram scale,MODEL_COMPARISON_ONLY,0.6
CC-2013-07-28-BENESOV-STREDOCESKY-KRAJ,Benesov | Stredocesky kraj,https://www.cropcirclecenter.com/ccdata/2013/07/28/CZ20130728_A.html,36,0.43,NEEDS_SOURCE_DIMENSION,MODERATE,COUNT_PRESENT_OTHER_FAMILY,NEEDS_SOURCE_DIMENSION,0.636364,44,,47/72_RING,absolute diameter by drone photogrammetry or diagram scale,MODEL_COMPARISON_ONLY,0.6
CC-2016-05-28-SILBURY-HILL-WILTSHIRE,Silbury Hill | Wiltshire,https://www.cropcirclecenter.com/ccdata/2016/05/28/UK20160528_A.html,37,0.43,CROP_RATIO_MATCH,STRONG,NO_COUNT,NEEDS_SOURCE_DIMENSION,0.657143,,,47/72_RING,absolute diameter by drone photogrammetry or diagram scale,MODEL_COMPARISON_ONLY,0.6
CC-2016-07-07-KEMMENTAL-THURGAU,Kemmental | Thurgau,https://www.cropcirclecenter.com/ccdata/2016/07/07/CH20160707_A.html,38,0.43,CROP_RATIO_MATCH,STRONG,NO_COUNT,NEEDS_SOURCE_DIMENSION,0.655738,,,47/72_RING,absolute diameter by drone photogrammetry or diagram scale,MODEL_COMPARISON_ONLY,0.6
CC-2017-09-24-BOOSCHENHOOFD-NOORD-BRABANT,Booschenhoofd | Noord Brabant,https://www.cropcirclecenter.com/ccdata/2017/09/24/NL20170924_A.html,39,0.43,NEEDS_SOURCE_DIMENSION,MODERATE,COUNT_PRESENT_OTHER_FAMILY,NEEDS_SOURCE_DIMENSION,0.635659,10,,47/72_RING,absolute diameter by drone photogrammetry or diagram scale,MODEL_COMPARISON_ONLY,0.6
CC-2020-07-29-DRONFIELD-DERBYSHIRE-2,Dronfield | Derbyshire,https://www.cropcirclecenter.com/ccdata/2020/07/29/UK20200729_B.html,40,0.43,NEEDS_SOURCE_DIMENSION,WEAK,COUNT_PRESENT_OTHER_FAMILY,NEEDS_SOURCE_DIMENSION,0.629371,15,,NEEDS_SOURCE_DIMENSION,absolute diameter by drone photogrammetry or diagram scale,MODEL_COMPARISON_ONLY,0.6
CC-2005-07-20-KINGS-WORTHY-HAMPSHIRE,Kings Worthy | Hampshire,https://www.cropcirclecenter.com/ccdata/2005/07/20/UK20050720_A.html,41,0.425,NEEDS_SOURCE_DIMENSION,WEAK,DYADIC_FAMILY,NEEDS_SOURCE_DIMENSION,0.625,4,,DYADIC_FAMILY,absolute diameter by drone photogrammetry or diagram scale,MODEL_COMPARISON_ONLY,0.6
CC-2008-05-27-MONTECASTELLO-PIEMONTE,Montecastello | Piemonte,https://www.cropcirclecenter.com/ccdata/2008/05/27/IT20080527_A.html,42,0.425,NEEDS_SOURCE_DIMENSION,WEAK,DYADIC_FAMILY,NEEDS_SOURCE_DIMENSION,0.630137,4,,DYADIC_FAMILY,absolute diameter by drone photogrammetry or diagram scale,MODEL_COMPARISON_ONLY,0.6
CC-2012-07-21-BOSSCHENHOOFD-NOORD-BRABANT,Bosschenhoofd | Noord-Brabant,https://www.cropcirclecenter.com/ccdata/2012/07/20/NL20120720_A.html,43,0.425,NEEDS_SOURCE_DIMENSION,WEAK,DYADIC_FAMILY,NEEDS_SOURCE_DIMENSION,0.677419,8,,DYADIC_FAMILY,absolute diameter by drone photogrammetry or diagram scale,MODEL_COMPARISON_ONLY,0.6
CC-2012-07-26-SUGNENS-VAUD,Sugnens | Vaud,https://www.cropcirclecenter.com/ccdata/2012/07/26/CH20120726_A.html,44,0.425,NEEDS_SOURCE_DIMENSION,WEAK,DYADIC_FAMILY,NEEDS_SOURCE_DIMENSION,0.684211,8,,DYADIC_FAMILY,absolute diameter by drone photogrammetry or diagram scale,MODEL_COMPARISON_ONLY,0.6
CC-2016-10-14-BOSSCHENHOOFD-NOORD-BRABANT,Bosschenhoofd | Noord-Brabant,https://www.cropcirclecenter.com/ccdata/2016/10/14/NL20161014_A.html,45,0.425,NEEDS_SOURCE_DIMENSION,WEAK,DYADIC_FAMILY,NEEDS_SOURCE_DIMENSION,0.675439,4,,DYADIC_FAMILY,absolute diameter by drone photogrammetry or diagram scale,MODEL_COMPARISON_ONLY,0.6
CC-2007-07-23-COLLINGHAM-YORKSHIRE,Collingham | Yorkshire,https://www.cropcirclecenter.com/ccdata/2007/07/23/UK20070723_A.html,46,0.42,CROP_37_PITCH_MATCH,REJECT,COUNT_37_EXACT,NEEDS_SOURCE_DIMENSION,0.180723,37,,COUNT_37_EXACT,absolute diameter by drone photogrammetry or diagram scale,MODEL_COMPARISON_ONLY,0.4
CC-2010-08-17-LURKELEY-HILL-WILTSHIRE,Lurkeley Hill | Wiltshire,https://www.cropcirclecenter.com/ccdata/2010/08/17/UK20100817_A.html,47,0.42,CROP_37_PITCH_MATCH,REJECT,COUNT_37_EXACT,NEEDS_SOURCE_DIMENSION,0.202797,37,,COUNT_37_EXACT,absolute diameter by drone photogrammetry or diagram scale,MODEL_COMPARISON_ONLY,0.4
CC-2012-10-12-IPUACU-SANTA-CATARINA,Ipuacu | Santa Catarina,https://www.cropcirclecenter.com/ccdata/2012/10/12/BR20121012_A.html,48,0.42,CROP_37_PITCH_MATCH,REJECT,COUNT_37_EXACT,NEEDS_SOURCE_DIMENSION,0.207921,37,,COUNT_37_EXACT,absolute diameter by drone photogrammetry or diagram scale,MODEL_COMPARISON_ONLY,0.4
CC-2013-06-17-TIMASHEVSK-KRASNODAR,Timashevsk | Krasnodar,https://www.cropcirclecenter.com/ccdata/2013/06/17/RU20130617_A.html,49,0.42,CROP_37_PITCH_MATCH,REJECT,COUNT_37_EXACT,NEEDS_SOURCE_DIMENSION,0.331522,37,,COUNT_37_EXACT,absolute diameter by drone photogrammetry or diagram scale,MODEL_COMPARISON_ONLY,0.4
CC-2013-06-24-TSEPEROV-OBLAST-LWIW,Tseperov | Oblast Lwiw,https://www.cropcirclecenter.com/ccdata/2013/06/24/UA20130624_A.html,50,0.42,CROP_37_PITCH_MATCH,REJECT,COUNT_37_EXACT,NEEDS_SOURCE_DIMENSION,0.110169,37,,COUNT_37_EXACT,absolute diameter by drone photogrammetry or diagram scale,MODEL_COMPARISON_ONLY,0.4
CC-2021-08-15-ROUNDWAY-HILL-WILTS,"Roundway Hill, Wilts",https://www.cropcirclecenter.com/ccdata/2021/08/15/UK20210815_A.html,51,0.42,NEEDS_SOURCE_DIMENSION,MODERATE,NO_COUNT,NEEDS_SOURCE_DIMENSION,0.644295,,,47/72_RING,absolute diameter by drone photogrammetry or diagram scale,MODEL_COMPARISON_ONLY,0.6
CC-2023-07-07-NORTON-BAVANT-WILTS,"Norton Bavant , Wilts",https://temporarytemples.co.uk/project/norton-bavant-2023,52,0.42,NEEDS_SOURCE_DIMENSION,MODERATE,NO_COUNT,NEEDS_SOURCE_DIMENSION,0.645455,,,47/72_RING,absolute diameter by drone photogrammetry or diagram scale,MODEL_COMPARISON_ONLY,0.6
CC-2023-08-15-BARTON-STACEY-HAMPSHIRE,Barton Stacey | Hampshire,https://www.cropcirclecenter.com/ccdata/2023/08/15/UK20230815_A.html,53,0.42,NEEDS_SOURCE_DIMENSION,MODERATE,NO_COUNT,NEEDS_SOURCE_DIMENSION,0.668571,,,47/72_RING,absolute diameter by drone photogrammetry or diagram scale,MODEL_COMPARISON_ONLY,0.6
CC-2024-06-16-MISTELBACH-LOWER-AUSTRIA,Mistelbach | Lower Austria,https://www.cropcirclecenter.com/ccdata/2024/06/16/AT20240616_A.html,54,0.42,NEEDS_SOURCE_DIMENSION,MODERATE,NO_COUNT,NEEDS_SOURCE_DIMENSION,0.660494,,,47/72_RING,absolute diameter by drone photogrammetry or diagram scale,MODEL_COMPARISON_ONLY,0.6
CC-2006-06-24-MONTEGRANARO-MARCHE-2,Montegranaro | Marche,https://www.cropcirclecenter.com/ccdata/2006/06/24/IT20060624_B.html,55,0.41,NEEDS_SOURCE_DIMENSION,WEAK,PRIME_FAMILY,NEEDS_SOURCE_DIMENSION,0.678261,31,,PRIME_FAMILY,absolute diameter by drone photogrammetry or diagram scale,MODEL_COMPARISON_ONLY,0.6
CC-2008-08-09-LONGIROD-WAADT,Longirod | Waadt,https://www.cropcirclecenter.com/ccdata/2008/08/09/CH20080809_A.html,56,0.41,NEEDS_SOURCE_DIMENSION,WEAK,PRIME_FAMILY,NEEDS_SOURCE_DIMENSION,0.685185,11,,PRIME_FAMILY,absolute diameter by drone photogrammetry or diagram scale,MODEL_COMPARISON_ONLY,0.6
CC-2009-07-26-H-BENTHAL,Hübenthal,https://www.cropcirclecenter.com/ccdata/2009/07/26/DE20090726_A.html,57,0.41,NEEDS_SOURCE_DIMENSION,WEAK,PRIME_FAMILY,NEEDS_SOURCE_DIMENSION,0.630303,19,,PRIME_FAMILY,absolute diameter by drone photogrammetry or diagram scale,MODEL_COMPARISON_ONLY,0.6
CC-2010-06-11-SAN-ANDREA-EMILIA-ROMAGNA,San Andrea | Emilia-Romagna,https://www.cropcirclecenter.com/ccdata/2010/06/11/IT20100611_A.html,58,0.41,NEEDS_SOURCE_DIMENSION,WEAK,PRIME_FAMILY,NEEDS_SOURCE_DIMENSION,0.625,3,,PRIME_FAMILY,absolute diameter by drone photogrammetry or diagram scale,MODEL_COMPARISON_ONLY,0.6
CC-2010-07-22-WISMAR-MECKLENBURG-VORPOMMERN,Wismar | Mecklenburg-Vorpommern,https://www.cropcirclecenter.com/ccdata/2010/07/22/DE20100722_A.html,59,0.41,NEEDS_SOURCE_DIMENSION,WEAK,PRIME_FAMILY,NEEDS_SOURCE_DIMENSION,0.632653,11,,PRIME_FAMILY,absolute diameter by drone photogrammetry or diagram scale,MODEL_COMPARISON_ONLY,0.6
CC-2011-06-26-HOEVEN-NOORD-BRABANT,Hoeven | Noord-Brabant,https://www.cropcirclecenter.com/ccdata/2011/06/26/NL20110626_A.html,60,0.41,NEEDS_SOURCE_DIMENSION,WEAK,PRIME_FAMILY,NEEDS_SOURCE_DIMENSION,0.684211,3,,PRIME_FAMILY,absolute diameter by drone photogrammetry or diagram scale,MODEL_COMPARISON_ONLY,0.6
CC-2012-06-29-BICHES-NI-VRE,Biches | Nièvre,https://www.cropcirclecenter.com/ccdata/2012/06/29/FR20120629_A.html,61,0.41,NEEDS_SOURCE_DIMENSION,WEAK,PRIME_FAMILY,NEEDS_SOURCE_DIMENSION,0.626263,3,,PRIME_FAMILY,absolute diameter by drone photogrammetry or diagram scale,MODEL_COMPARISON_ONLY,0.6
CC-2016-05-06-HILL-BARN-WILTSHIRE,Hill Barn | Wiltshire,https://www.cropcirclecenter.com/ccdata/2016/05/06/UK20160506_A.html,62,0.41,NEEDS_SOURCE_DIMENSION,WEAK,PRIME_FAMILY,NEEDS_SOURCE_DIMENSION,0.68254,5,,PRIME_FAMILY,absolute diameter by drone photogrammetry or diagram scale,MODEL_COMPARISON_ONLY,0.6
CC-2021-07-05-HACKPEN-HILL-WILTSHIRE,Hackpen Hill | Wiltshire,https://www.cropcirclecenter.com/ccdata/2021/07/05/UK20210705_A.html,63,0.41,NEEDS_SOURCE_DIMENSION,REJECT,COUNT_NEAR_37_LABELED_NEAR,NEEDS_SOURCE_DIMENSION,0.273973,33,,COUNT_NEAR_37_LABELED_NEAR,absolute diameter by drone photogrammetry or diagram scale,MODEL_COMPARISON_ONLY,0.4
CC-2023-05-28-BROAD-HINTON-WILTSHIRE,Broad Hinton | Wiltshire,https://www.cropcirclecenter.com/ccdata/2023/05/28/UK20230528_A.html,64,0.41,NEEDS_SOURCE_DIMENSION,REJECT,COUNT_NEAR_37_LABELED_NEAR,NEEDS_SOURCE_DIMENSION,0.758389,35,,COUNT_NEAR_37_LABELED_NEAR,absolute diameter by drone photogrammetry or diagram scale,MODEL_COMPARISON_ONLY,0.4
CC-2006-07-23-NIEUWERKERKEN-LIMBURG-2,Nieuwerkerken | Limburg,https://www.cropcirclecenter.com/ccdata/2006/07/23/BE20060723_B.html,65,0.38,NEEDS_SOURCE_DIMENSION,WEAK,COUNT_PRESENT_OTHER_FAMILY,NEEDS_SOURCE_DIMENSION,0.622951,18,,NEEDS_SOURCE_DIMENSION,absolute diameter by drone photogrammetry or diagram scale,MODEL_COMPARISON_ONLY,0.6
CC-2008-05-17-SAILLY-ACHATEL-LORRAINE,Sailly-Achatel | Lorraine,https://www.cropcirclecenter.com/ccdata/2008/05/17/FR20080517_A.html,66,0.38,NEEDS_SOURCE_DIMENSION,WEAK,COUNT_PRESENT_OTHER_FAMILY,NEEDS_SOURCE_DIMENSION,0.683908,9,,NEEDS_SOURCE_DIMENSION,absolute diameter by drone photogrammetry or diagram scale,MODEL_COMPARISON_ONLY,0.6
CC-2011-06-27-FONTHILL-DOWN-WILTSHIRE,Fonthill Down | Wiltshire,https://www.cropcirclecenter.com/ccdata/2011/06/27/UK20110627_A.html,67,0.38,NEEDS_SOURCE_DIMENSION,WEAK,COUNT_PRESENT_OTHER_FAMILY,NEEDS_SOURCE_DIMENSION,0.673611,21,,NEEDS_SOURCE_DIMENSION,absolute diameter by drone photogrammetry or diagram scale,MODEL_COMPARISON_ONLY,0.6
CC-2013-11-03-VELSKIYE-ARCHANGELSK,Velskiye | Archangelsk,https://www.cropcirclecenter.com/ccdata/2013/11/33/RU20131133_A.html,68,0.38,NEEDS_SOURCE_DIMENSION,WEAK,COUNT_PRESENT_OTHER_FAMILY,NEEDS_SOURCE_DIMENSION,0.627119,6,,NEEDS_SOURCE_DIMENSION,absolute diameter by drone photogrammetry or diagram scale,MODEL_COMPARISON_ONLY,0.6
CC-2015-07-25-BILY-KAMEN-VYSOCINA-KRAJ,Bily Kamen | Vysocina kraj,https://www.cropcirclecenter.com/ccdata/2015/07/25/CZ20150725_A.html,69,0.38,NEEDS_SOURCE_DIMENSION,WEAK,COUNT_PRESENT_OTHER_FAMILY,NEEDS_SOURCE_DIMENSION,0.632653,6,,NEEDS_SOURCE_DIMENSION,absolute diameter by drone photogrammetry or diagram scale,MODEL_COMPARISON_ONLY,0.6
CC-2005-06-30-HOEVEN-NOORD-BRABANT-2,Hoeven | Noord Brabant,https://www.cropcirclecenter.com/ccdata/2005/06/30/NL20050630_B.html,70,0.37,NEEDS_SOURCE_DIMENSION,MODERATE,NO_COUNT,NEEDS_SOURCE_DIMENSION,0.671329,,,47/72_RING,absolute diameter by drone photogrammetry or diagram scale,MODEL_COMPARISON_ONLY,0.6
CC-2006-05-26-GALLO-LOMBARDIA,Gallo | Lombardia,https://www.cropcirclecenter.com/ccdata/2006/05/26/IT20060526_A.html,71,0.37,NEEDS_SOURCE_DIMENSION,MODERATE,NO_COUNT,NEEDS_SOURCE_DIMENSION,0.66242,,,47/72_RING,absolute diameter by drone photogrammetry or diagram scale,MODEL_COMPARISON_ONLY,0.6
CC-2008-05-10-ASHBURY-OXFORDSHIRE,Ashbury | Oxfordshire,https://www.cropcirclecenter.com/ccdata/2008/05/10/UK20080510_A.html,72,0.37,NEEDS_SOURCE_DIMENSION,MODERATE,NO_COUNT,NEEDS_SOURCE_DIMENSION,0.639241,,,47/72_RING,absolute diameter by drone photogrammetry or diagram scale,MODEL_COMPARISON_ONLY,0.6
CC-2008-06-29-STANDDAARBUITEN-NOORD-BRABANT,Standdaarbuiten | Noord-Brabant,https://www.cropcirclecenter.com/ccdata/2008/06/29/NL20080629_A.html,73,0.37,NEEDS_SOURCE_DIMENSION,MODERATE,NO_COUNT,NEEDS_SOURCE_DIMENSION,0.659574,,,47/72_RING,absolute diameter by drone photogrammetry or diagram scale,MODEL_COMPARISON_ONLY,0.6
CC-2009-07-10-STANDDAARBUITEN-WILTSHIRE,Standdaarbuiten | Wiltshire,https://www.cropcirclecenter.com/ccdata/2009/07/10/NL20090710_A.html,74,0.37,NEEDS_SOURCE_DIMENSION,MODERATE,NO_COUNT,NEEDS_SOURCE_DIMENSION,0.641026,,,47/72_RING,absolute diameter by drone photogrammetry or diagram scale,MODEL_COMPARISON_ONLY,0.6
CC-2009-07-14-ALTON-BARNES-WILTSHIRE,Alton Barnes | Wiltshire,https://www.cropcirclecenter.com/ccdata/2009/07/14/UK20090714_A.html,75,0.37,NEEDS_SOURCE_DIMENSION,MODERATE,NO_COUNT,NEEDS_SOURCE_DIMENSION,0.637168,,,47/72_RING,absolute diameter by drone photogrammetry or diagram scale,MODEL_COMPARISON_ONLY,0.6
CC-2013-06-20-CISTERNA-LAZIO,Cisterna | Lazio,https://www.cropcirclecenter.com/ccdata/2013/06/20/IT20130620_A.html,76,0.37,NEEDS_SOURCE_DIMENSION,MODERATE,NO_COUNT,NEEDS_SOURCE_DIMENSION,0.660131,,,47/72_RING,absolute diameter by drone photogrammetry or diagram scale,MODEL_COMPARISON_ONLY,0.6
CC-2014-06-22-SOUTHEND-ON-SEA-DORSET-2,Southend-on-Sea | Dorset,https://www.cropcirclecenter.com/ccdata/2014/06/22/UK20140622_B.html,77,0.37,NEEDS_SOURCE_DIMENSION,MODERATE,NO_COUNT,NEEDS_SOURCE_DIMENSION,0.670588,,,47/72_RING,absolute diameter by drone photogrammetry or diagram scale,MODEL_COMPARISON_ONLY,0.6
CC-2015-07-24-CLEY-HILL-WILTSHIRE,Cley Hill | Wiltshire,https://www.cropcirclecenter.com/ccdata/2015/07/24/UK20150724_A.html,78,0.37,NEEDS_SOURCE_DIMENSION,MODERATE,NO_COUNT,NEEDS_SOURCE_DIMENSION,0.64375,,,47/72_RING,absolute diameter by drone photogrammetry or diagram scale,MODEL_COMPARISON_ONLY,0.6
CC-2015-07-31-ETTEN-LEUR-NOORD-BRABANT,Etten-Leur | Noord Brabant,https://www.cropcirclecenter.com/ccdata/2015/07/31/NL20150731_A.html,79,0.37,NEEDS_SOURCE_DIMENSION,MODERATE,NO_COUNT,NEEDS_SOURCE_DIMENSION,0.637097,,,47/72_RING,absolute diameter by drone photogrammetry or diagram scale,MODEL_COMPARISON_ONLY,0.6
CC-2017-06-26-EAST-KENNETT-WILTSHIRE,East Kennett | Wiltshire,https://www.cropcirclecenter.com/ccdata/2017/06/26/UK20170626_A.html,80,0.37,NEEDS_SOURCE_DIMENSION,MODERATE,NO_COUNT,NEEDS_SOURCE_DIMENSION,0.666667,,,47/72_RING,absolute diameter by drone photogrammetry or diagram scale,MODEL_COMPARISON_ONLY,0.6
CC-2018-06-17-FRIENISBERG-BERN,Frienisberg | Bern,https://www.cropcirclecenter.com/ccdata/2018/06/17/CH20180617_A.html,81,0.37,NEEDS_SOURCE_DIMENSION,MODERATE,NO_COUNT,NEEDS_SOURCE_DIMENSION,0.64,,,47/72_RING,absolute diameter by drone photogrammetry or diagram scale,MODEL_COMPARISON_ONLY,0.6
CC-2018-06-30-SUTTON-HALL-ESSEX,Sutton Hall | Essex,https://www.cropcirclecenter.com/ccdata/2018/06/30/UK20180630_A.html,82,0.37,NEEDS_SOURCE_DIMENSION,MODERATE,NO_COUNT,NEEDS_SOURCE_DIMENSION,0.636364,,,47/72_RING,absolute diameter by drone photogrammetry or diagram scale,MODEL_COMPARISON_ONLY,0.6
CC-2020-08-07-HEYTESBURY-WILTSHIRE,Heytesbury | Wiltshire,https://www.cropcirclecenter.com/ccdata/2020/08/07/UK20200807_A.html,83,0.37,NEEDS_SOURCE_DIMENSION,WEAK,NO_COUNT,NEEDS_SOURCE_DIMENSION,0.681818,,,NEEDS_SOURCE_DIMENSION,absolute diameter by drone photogrammetry or diagram scale,MODEL_COMPARISON_ONLY,0.6
CC-2020-08-07-SCRATCHBURY-HILLFORT-WILTS,"Scratchbury Hillfort, Wilts",https://temporarytemples.co.uk/project/scratchbury-hillfort-wilts-7th-august-2020,84,0.37,NEEDS_SOURCE_DIMENSION,WEAK,NO_COUNT,NEEDS_SOURCE_DIMENSION,0.681818,,,NEEDS_SOURCE_DIMENSION,absolute diameter by drone photogrammetry or diagram scale,MODEL_COMPARISON_ONLY,0.6
CC-2020-09-05-CHIRTON-WILTS,"Chirton, Wilts",https://www.cropcirclecenter.com/ccdata/2020/09/05/UK20200905_A.html,85,0.37,NEEDS_SOURCE_DIMENSION,WEAK,NO_COUNT,NEEDS_SOURCE_DIMENSION,0.678363,,,NEEDS_SOURCE_DIMENSION,absolute diameter by drone photogrammetry or diagram scale,MODEL_COMPARISON_ONLY,0.6
CC-2025-04-11-WIMBORNE-MINSTER-DORSET,Wimborne Minster | Dorset,https://www.cropcirclecenter.com/ccdata/2025/04/11/UK20250411_A.html,86,0.37,NEEDS_SOURCE_DIMENSION,WEAK,NO_COUNT,NEEDS_SOURCE_DIMENSION,0.674286,,,NEEDS_SOURCE_DIMENSION,absolute diameter by drone photogrammetry or diagram scale,MODEL_COMPARISON_ONLY,0.6
CC-2005-07-03-AMERSHAM-BUCKINGHAMSHIRE-2,Amersham | Buckinghamshire,https://www.cropcirclecenter.com/ccdata/2005/07/03/UK20050703_B.html,87,0.36,NEEDS_SOURCE_DIMENSION,REJECT,COUNT_NEAR_37_LABELED_NEAR,NEEDS_SOURCE_DIMENSION,0.061224,35,,COUNT_NEAR_37_LABELED_NEAR,absolute diameter by drone photogrammetry or diagram scale,MODEL_COMPARISON_ONLY,0.4
CC-2006-08-03-PUCKERIDGE-HERTFORDSHIRE,Puckeridge | Hertfordshire,https://www.cropcirclecenter.com/ccdata/2006/08/33/UK20060833_A.html,88,0.36,NEEDS_SOURCE_DIMENSION,REJECT,COUNT_NEAR_37_LABELED_NEAR,NEEDS_SOURCE_DIMENSION,0.277778,35,,COUNT_NEAR_37_LABELED_NEAR,absolute diameter by drone photogrammetry or diagram scale,MODEL_COMPARISON_ONLY,0.4
CC-2007-06-10-UP-SOMBOURNE-HAMPSHIRE,Up Sombourne | Hampshire,https://www.cropcirclecenter.com/ccdata/2007/06/10/UK20070610_A.html,89,0.36,NEEDS_SOURCE_DIMENSION,REJECT,COUNT_NEAR_37_LABELED_NEAR,NEEDS_SOURCE_DIMENSION,0.352564,35,,COUNT_NEAR_37_LABELED_NEAR,absolute diameter by drone photogrammetry or diagram scale,MODEL_COMPARISON_ONLY,0.4
CC-2007-06-11-BARTON-LE-CLEY-BEDFORDSHIRE-2,Barton-Le-Cley | Bedfordshire,https://www.cropcirclecenter.com/ccdata/2007/06/11/UK20070611_B.html,90,0.36,NEEDS_SOURCE_DIMENSION,REJECT,COUNT_NEAR_37_LABELED_NEAR,NEEDS_SOURCE_DIMENSION,0.119205,33,,COUNT_NEAR_37_LABELED_NEAR,absolute diameter by drone photogrammetry or diagram scale,MODEL_COMPARISON_ONLY,0.4
CC-2007-06-29-GOLDEN-BALL-HILL-WILTSHIRE-2,Golden Ball Hill | Wiltshire,https://www.cropcirclecenter.com/ccdata/2007/06/29/UK20070629_B.html,91,0.36,NEEDS_SOURCE_DIMENSION,REJECT,COUNT_NEAR_37_LABELED_NEAR,NEEDS_SOURCE_DIMENSION,0.093458,33,,COUNT_NEAR_37_LABELED_NEAR,absolute diameter by drone photogrammetry or diagram scale,MODEL_COMPARISON_ONLY,0.4
CC-2007-08-10-KERSBERGA-STOCKHOLMS-L-N-2,Åkersberga | Stockholms län,https://www.cropcirclecenter.com/ccdata/2007/08/10/SE20070810_B.html,92,0.36,NEEDS_SOURCE_DIMENSION,REJECT,COUNT_NEAR_37_LABELED_NEAR,NEEDS_SOURCE_DIMENSION,0.059783,35,,COUNT_NEAR_37_LABELED_NEAR,absolute diameter by drone photogrammetry or diagram scale,MODEL_COMPARISON_ONLY,0.4
CC-2010-05-26-ROH-MILANO,Roh | MIlano,https://www.cropcirclecenter.com/ccdata/2010/05/26/IT20100526_A.html,93,0.36,NEEDS_SOURCE_DIMENSION,REJECT,COUNT_NEAR_37_LABELED_NEAR,NEEDS_SOURCE_DIMENSION,0.293103,35,,COUNT_NEAR_37_LABELED_NEAR,absolute diameter by drone photogrammetry or diagram scale,MODEL_COMPARISON_ONLY,0.4
CC-2010-05-28-BASIANO-MILANO,Basiano | MIlano,https://www.cropcirclecenter.com/ccdata/2010/05/28/IT20100528_A.html,94,0.36,NEEDS_SOURCE_DIMENSION,REJECT,COUNT_NEAR_37_LABELED_NEAR,NEEDS_SOURCE_DIMENSION,0.09322,35,,COUNT_NEAR_37_LABELED_NEAR,absolute diameter by drone photogrammetry or diagram scale,MODEL_COMPARISON_ONLY,0.4
CC-2010-06-20-UMBERTIDE-UMBRIA,Umbertide | Umbria,https://www.cropcirclecenter.com/ccdata/2010/06/20/IT20100620_A.html,95,0.36,NEEDS_SOURCE_DIMENSION,REJECT,COUNT_NEAR_37_LABELED_NEAR,NEEDS_SOURCE_DIMENSION,0.733333,35,,COUNT_NEAR_37_LABELED_NEAR,absolute diameter by drone photogrammetry or diagram scale,MODEL_COMPARISON_ONLY,0.4
CC-2011-05-07-HANNINGTON-WILTSHIRE,Hannington | Wiltshire,https://www.cropcirclecenter.com/ccdata/2011/05/07/UK20110507_A.html,96,0.36,NEEDS_SOURCE_DIMENSION,REJECT,COUNT_NEAR_37_LABELED_NEAR,NEEDS_SOURCE_DIMENSION,0.164474,35,,COUNT_NEAR_37_LABELED_NEAR,absolute diameter by drone photogrammetry or diagram scale,MODEL_COMPARISON_ONLY,0.4
CC-2013-05-21-BOSSCHENHOOFD-NOORD-BRABANT,Bosschenhoofd | Noord Brabant,https://www.cropcirclecenter.com/ccdata/2013/05/21/NL20130521_A.html,97,0.36,NEEDS_SOURCE_DIMENSION,REJECT,COUNT_NEAR_37_LABELED_NEAR,NEEDS_SOURCE_DIMENSION,0.275862,35,,COUNT_NEAR_37_LABELED_NEAR,absolute diameter by drone photogrammetry or diagram scale,MODEL_COMPARISON_ONLY,0.4
CC-2013-07-29-STADSKANAAL-GRONINGEN,Stadskanaal | Groningen,https://www.cropcirclecenter.com/ccdata/2013/07/29/NL20130729_A.html,98,0.36,NEEDS_SOURCE_DIMENSION,REJECT,COUNT_NEAR_37_LABELED_NEAR,NEEDS_SOURCE_DIMENSION,0.059829,33,,COUNT_NEAR_37_LABELED_NEAR,absolute diameter by drone photogrammetry or diagram scale,MODEL_COMPARISON_ONLY,0.4
CC-2016-05-15-GRO-ZIETHEN-BRANDEBURG,Großziethen | Brandeburg,https://www.cropcirclecenter.com/ccdata/2016/05/15/DE20160515_A.html,99,0.36,NEEDS_SOURCE_DIMENSION,REJECT,COUNT_NEAR_37_LABELED_NEAR,NEEDS_SOURCE_DIMENSION,0.473333,35,,COUNT_NEAR_37_LABELED_NEAR,absolute diameter by drone photogrammetry or diagram scale,MODEL_COMPARISON_ONLY,0.4
CC-2018-06-03-BISHOPS-CANNINGS-DOWN-WILTS-3,"Bishops Cannings Down, Wilts",https://temporarytemples.co.uk/project/bishops-cannings-down-wilts-3rd-june-2018,100,0.36,NEEDS_SOURCE_DIMENSION,REJECT,COUNT_NEAR_37_LABELED_NEAR,NEEDS_SOURCE_DIMENSION,0.070175,33,,COUNT_NEAR_37_LABELED_NEAR,absolute diameter by drone photogrammetry or diagram scale,MODEL_COMPARISON_ONLY,0.4
CC-2019-05-25-CHESTERTON-FARM-GLOUCESTERSHIRE,Chesterton Farm | Gloucestershire,https://www.cropcirclecenter.com/ccdata/2019/05/25/UK20190525_A.html,101,0.36,NEEDS_SOURCE_DIMENSION,REJECT,COUNT_NEAR_37_LABELED_NEAR,NEEDS_SOURCE_DIMENSION,0.103825,35,,COUNT_NEAR_37_LABELED_NEAR,absolute diameter by drone photogrammetry or diagram scale,MODEL_COMPARISON_ONLY,0.4
CC-2001-08-28-CROP-CIRCLES-IN-AUGUST-2001,CROP CIRCLES IN AUGUST 2001,https://www.cropcirclearchives.co.uk/archives/2001/August2001a.html,109,0.32,NEEDS_SOURCE_DIMENSION,WEAK,NO_COUNT,NEEDS_SOURCE_DIMENSION,0.675,,,NEEDS_SOURCE_DIMENSION,absolute diameter by drone photogrammetry or diagram scale,MODEL_COMPARISON_ONLY,0.6
CC-2001-09-16-SEPTEMBER,SEPTEMBER,https://www.cropcirclearchives.co.uk/archives/2001/september2001.html,110,0.32,NEEDS_SOURCE_DIMENSION,WEAK,NO_COUNT,NEEDS_SOURCE_DIMENSION,0.675,,,NEEDS_SOURCE_DIMENSION,absolute diameter by drone photogrammetry or diagram scale,MODEL_COMPARISON_ONLY,0.6
CC-2005-05-22-DOETINCHEM-GELDERLAND,Doetinchem | Gelderland,https://www.cropcirclecenter.com/ccdata/2005/05/22/NL20050522_A.html,111,0.32,NEEDS_SOURCE_DIMENSION,WEAK,NO_COUNT,NEEDS_SOURCE_DIMENSION,0.676647,,,NEEDS_SOURCE_DIMENSION,absolute diameter by drone photogrammetry or diagram scale,MODEL_COMPARISON_ONLY,0.6
CC-2006-07-12-BOLKOW-DOLNOSLASKIE,Bolkow | Dolnoslaskie,https://www.cropcirclecenter.com/ccdata/2006/07/12/PL20060712_A.html,112,0.32,NEEDS_SOURCE_DIMENSION,WEAK,NO_COUNT,NEEDS_SOURCE_DIMENSION,0.626866,,,NEEDS_SOURCE_DIMENSION,absolute diameter by drone photogrammetry or diagram scale,MODEL_COMPARISON_ONLY,0.6
CC-2008-06-29-J-HNDE-NIEDERSACHSEN,Jühnde | Niedersachsen,https://www.cropcirclecenter.com/ccdata/2008/06/29/DE20080629_A.html,113,0.32,NEEDS_SOURCE_DIMENSION,WEAK,NO_COUNT,NEEDS_SOURCE_DIMENSION,0.682432,,,NEEDS_SOURCE_DIMENSION,absolute diameter by drone photogrammetry or diagram scale,MODEL_COMPARISON_ONLY,0.6
CC-2009-10-05-HOEVEN-NOORD-BRABANT,Hoeven | Noord-Brabant,https://www.cropcirclecenter.com/ccdata/2009/10/05/NL20091005_A.html,114,0.32,NEEDS_SOURCE_DIMENSION,WEAK,NO_COUNT,NEEDS_SOURCE_DIMENSION,0.674286,,,NEEDS_SOURCE_DIMENSION,absolute diameter by drone photogrammetry or diagram scale,MODEL_COMPARISON_ONLY,0.6
CC-2011-05-07-HANNINGTON-WILTSHIRE-2,Hannington | Wiltshire,https://www.cropcirclecenter.com/ccdata/2011/05/07/UK20110507_B.html,115,0.32,NEEDS_SOURCE_DIMENSION,WEAK,NO_COUNT,NEEDS_SOURCE_DIMENSION,0.678363,,,NEEDS_SOURCE_DIMENSION,absolute diameter by drone photogrammetry or diagram scale,MODEL_COMPARISON_ONLY,0.6
CC-2014-06-18-CHERHILL-WILTSHIRE,Cherhill | Wiltshire,https://www.cropcirclecenter.com/ccdata/2014/06/18/UK20140618_A.html,116,0.32,NEEDS_SOURCE_DIMENSION,WEAK,NO_COUNT,NEEDS_SOURCE_DIMENSION,0.630435,,,NEEDS_SOURCE_DIMENSION,absolute diameter by drone photogrammetry or diagram scale,MODEL_COMPARISON_ONLY,0.6
CC-2014-08-12-ETCHILHAMPTON-WILTSHIRE,Etchilhampton | Wiltshire,https://www.cropcirclecenter.com/ccdata/2014/08/12/UK20140812_A.html,117,0.32,NEEDS_SOURCE_DIMENSION,WEAK,NO_COUNT,NEEDS_SOURCE_DIMENSION,0.624242,,,NEEDS_SOURCE_DIMENSION,absolute diameter by drone photogrammetry or diagram scale,MODEL_COMPARISON_ONLY,0.6
CC-2016-05-11-ALTON-BARNES-WILTSHIRE,Alton Barnes | Wiltshire,https://www.cropcirclecenter.com/ccdata/2016/05/11/UK20160511_A.html,118,0.32,NEEDS_SOURCE_DIMENSION,WEAK,NO_COUNT,NEEDS_SOURCE_DIMENSION,0.673203,,,NEEDS_SOURCE_DIMENSION,absolute diameter by drone photogrammetry or diagram scale,MODEL_COMPARISON_ONLY,0.6
CC-2017-06-03-AVEBURY-WILTSHIRE,Avebury | Wiltshire,https://www.cropcirclecenter.com/ccdata/2017/06/03/UK20170603_A.html,119,0.32,NEEDS_SOURCE_DIMENSION,WEAK,NO_COUNT,NEEDS_SOURCE_DIMENSION,0.673333,,,NEEDS_SOURCE_DIMENSION,absolute diameter by drone photogrammetry or diagram scale,MODEL_COMPARISON_ONLY,0.6
CC-2018-08-13-FONTHILL-BISHOP,Fonthill Bishop,https://www.cropcirclecenter.com/ccdata/2018/08/13/UK20180813_A.html,120,0.32,NEEDS_SOURCE_DIMENSION,WEAK,NO_COUNT,NEEDS_SOURCE_DIMENSION,0.632653,,,NEEDS_SOURCE_DIMENSION,absolute diameter by drone photogrammetry or diagram scale,MODEL_COMPARISON_ONLY,0.6
