x_mm,y_mm,z_mm,value_normalized,raw_max_j_m3
3.6667,6.3507,39.5194,2.411409e-01,2.659363e-04
3.5958,6.2192,43.8772,2.434734e-01,2.659363e-04
1.1738,7.7017,41.6983,8.275636e-01,2.659363e-04
6.0887,4.8682,41.6983,2.613400e-02,2.659363e-04
1.7863,-3.0940,97.2140,1.730137e-05,2.659363e-04
1.7863,-0.0000,97.2140,1.782032e-05,2.659363e-04
5.0947,-0.0000,27.6180,4.649576e-03,2.659363e-04
8.5682,-0.0000,25.5283,2.705058e-03,2.659363e-04
2.5120,4.4735,27.6180,5.149804e-03,2.659363e-04
-2.6182,4.4122,27.6180,3.248368e-03,2.659363e-04
-5.1301,-0.0613,27.6180,3.217696e-03,2.659363e-04
-2.5120,-4.4735,27.6180,3.170008e-03,2.659363e-04
2.0292,3.5145,37.2642,2.354894e-01,2.659363e-04
2.5828,-4.4735,27.6180,5.150020e-03,2.659363e-04
1.9583,3.3830,45.9331,3.614767e-01,2.659363e-04
-0.8932,1.5470,97.2140,1.677509e-05,2.659363e-04
-3.5727,-0.0000,97.2140,1.913674e-05,2.659363e-04
-3.5727,0.0000,103.3389,2.654934e-06,2.659363e-04
1.7863,-3.0940,103.3389,1.523221e-06,2.659363e-04
-2.1012,7.7017,41.6983,4.274372e-33,2.659363e-04
7.7262,2.0320,41.6983,2.613400e-02,2.659363e-04
5.0301,6.1725,24.9656,1.641796e-03,2.659363e-04
-2.8305,7.4425,24.9656,1.505609e-03,2.659363e-04
-7.8606,1.2700,24.9656,1.463908e-03,2.659363e-04
-5.0301,-6.1725,24.9656,1.316080e-03,2.659363e-04
-6.9568,2.4122,86.3852,7.704690e-04,2.659363e-04
-5.5675,-4.8187,86.3852,6.528354e-04,2.659363e-04
1.3894,-7.2309,86.3852,6.739256e-04,2.659363e-04
-1.3894,7.2309,86.3852,6.163563e-04,2.659363e-04
-6.9568,-2.4122,86.3852,7.659547e-04,2.659363e-04
-5.5675,4.8187,86.3852,6.619267e-04,2.659363e-04
-1.3894,-7.2309,86.3852,5.975133e-04,2.659363e-04
1.3894,7.2309,86.3852,6.933431e-04,2.659363e-04
6.9568,-2.4122,86.3852,9.193654e-04,2.659363e-04
6.9568,2.4122,86.3852,9.236171e-04,2.659363e-04
5.5675,4.8187,86.3852,7.322135e-04,2.659363e-04
5.5675,-4.8187,86.3852,7.291947e-04,2.659363e-04
5.1009,-6.1725,24.9656,1.748459e-03,2.659363e-04
6.7669,9.1806,26.2131,1.976852e-03,2.659363e-04
-6.7669,-9.1806,26.2131,1.530105e-03,2.659363e-04
-4.5672,10.4506,26.2131,1.610720e-03,2.659363e-04
-11.3341,1.2700,26.2131,1.783740e-03,2.659363e-04
-4.5961,6.3455,39.5194,1.276208e-32,2.659363e-04
7.7996,-0.8077,39.5194,3.941022e-02,2.659363e-04
-4.5177,6.2183,43.8772,8.207184e-33,2.659363e-04
-1.3397,0.7735,100.6595,5.119943e-06,2.659363e-04
-4.0192,-0.7735,100.6595,6.614347e-06,2.659363e-04
7.6528,-0.8077,43.8772,3.949664e-02,2.659363e-04
-2.9586,3.5093,37.2642,1.219144e-02,2.659363e-04
4.5246,-0.8077,37.2642,1.504827e-01,2.659363e-04
4.9011,-1.2253,83.6732,2.221520e-03,2.659363e-04
4.9011,1.2253,83.6732,2.219340e-03,2.659363e-04
-4.9011,1.2253,83.6732,1.761144e-03,2.659363e-04
-4.9011,-1.2253,83.6732,1.758697e-03,2.659363e-04
-3.5117,-3.6318,83.6732,1.714733e-03,2.659363e-04
-1.3894,-4.8571,83.6732,1.625517e-03,2.659363e-04
1.3894,-4.8571,83.6732,2.215856e-03,2.659363e-04
-3.5117,3.6318,83.6732,1.723977e-03,2.659363e-04
-1.3894,4.8571,83.6732,1.655173e-03,2.659363e-04
1.3894,4.8571,83.6732,2.249627e-03,2.659363e-04
3.5117,-3.6318,83.6732,2.380596e-03,2.659363e-04
3.5117,3.6318,83.6732,2.384676e-03,2.659363e-04
6.8376,-9.1806,26.2131,2.126357e-03,2.659363e-04
-2.8802,3.3822,45.9331,3.090273e-33,2.659363e-04
-7.0078,-0.0001,56.9016,5.521553e-33,2.659363e-04
4.3778,-0.8077,45.9331,1.399280e-01,2.659363e-04
8.5389,3.2106,23.7984,1.485048e-03,2.659363e-04
8.5389,-3.2106,23.7984,1.512177e-03,2.659363e-04
-6.8589,-0.0000,61.2474,4.459342e-33,2.659363e-04
-6.9333,-2.6646,59.0745,6.237640e-33,2.659363e-04
-6.9334,2.6645,59.0745,5.635686e-33,2.659363e-04
-7.0126,4.8621,41.6983,1.472059e-32,2.659363e-04
7.7262,-3.6474,41.6983,4.314765e-02,2.659363e-04
1.7863,1.5470,103.3389,1.558163e-06,2.659363e-04
-0.0000,3.0940,101.9992,2.766576e-06,2.659363e-04
-3.5727,1.5470,101.9992,4.324540e-06,2.659363e-04
-1.3397,2.3205,103.3389,1.486085e-06,2.659363e-04
-3.9314,-0.0001,54.6126,5.811052e-33,2.659363e-04
2.7659,-7.6913,23.2358,9.504169e-04,2.659363e-04
-3.7825,-0.0000,63.3112,5.844666e-33,2.659363e-04
4.5026,-10.6993,24.4833,1.124069e-03,2.659363e-04
-5.3952,5.3288,59.0745,7.672514e-33,2.659363e-04
-5.3951,-5.3289,59.0745,8.090324e-33,2.659363e-04
6.8902,0.0000,88.3301,2.809368e-04,2.659363e-04
3.4451,5.9671,88.3301,2.010409e-04,2.659363e-04
3.4451,-5.9671,88.3301,1.957456e-04,2.659363e-04
-6.8902,-0.0000,88.3301,2.469263e-04,2.659363e-04
-3.4451,-5.9671,88.3301,1.977051e-04,2.659363e-04
-3.4451,5.9671,88.3301,2.039607e-04,2.659363e-04
-3.1249,6.7255,56.9016,1.051706e-32,2.659363e-04
-3.1247,-6.7257,56.9016,1.137000e-32,2.659363e-04
-3.0504,6.5966,61.2474,1.110031e-32,2.659363e-04
-3.0503,-6.5967,61.2474,1.367561e-32,2.659363e-04
7.0235,0.0000,81.1482,4.101875e-03,2.659363e-04
3.5117,-6.0825,81.1482,3.974704e-03,2.659363e-04
3.5117,6.0825,81.1482,4.009341e-03,2.659363e-04
-7.0235,0.0000,81.1482,3.326089e-03,2.659363e-04
-3.5117,-6.0825,81.1482,2.901463e-03,2.659363e-04
-3.5117,6.0825,81.1482,2.945827e-03,2.659363e-04
-1.5867,4.0612,54.6126,4.699282e-33,2.659363e-04
-1.5864,-4.0614,54.6126,3.308103e-33,2.659363e-04
8.4689,-0.0000,31.0379,9.882726e-03,2.659363e-04
-1.5121,3.9324,63.3112,3.809375e-33,2.659363e-04
-1.5121,-3.9324,63.3112,7.152309e-33,2.659363e-04
4.1991,7.3956,31.0379,1.456523e-02,2.659363e-04
-4.1991,-7.3956,31.0379,6.246806e-03,2.659363e-04
-4.3052,7.3343,31.0379,6.925008e-03,2.659363e-04
-8.5043,-0.0613,31.0379,6.279585e-03,2.659363e-04
4.2699,-7.3956,31.0379,1.503672e-02,2.659363e-04
-1.1909,7.0131,13.7887,8.102520e-05,2.659363e-04
-6.6689,2.4752,13.7887,9.306155e-05,2.659363e-04
-5.4781,4.5379,13.7887,8.777854e-05,2.659363e-04
1.1909,7.0131,13.7887,8.195225e-05,2.659363e-04
-5.4781,-4.5379,13.7887,8.417051e-05,2.659363e-04
-6.6689,-2.4752,13.7887,9.154538e-05,2.659363e-04
5.4781,4.5379,13.7887,8.769766e-05,2.659363e-04
1.1909,-7.0131,13.7887,8.453499e-05,2.659363e-04
-1.1909,-7.0131,13.7887,8.424830e-05,2.659363e-04
6.6689,2.4752,13.7887,9.723591e-05,2.659363e-04
6.6689,-2.4752,13.7887,9.837432e-05,2.659363e-04
5.4781,-4.5379,13.7887,9.068800e-05,2.659363e-04
-5.4480,-0.8129,37.2642,7.593178e-03,2.659363e-04
2.0352,-5.1299,37.2642,2.173650e-01,2.659363e-04
1.9987,-9.2183,18.2863,1.814446e-04,2.659363e-04
6.9840,-6.3401,18.2863,1.651722e-04,2.659363e-04
-2.9496,-5.1299,37.2642,1.389613e-02,2.659363e-04
8.3590,-0.0000,35.1914,3.397819e-02,2.659363e-04
-4.1765,-7.2443,35.1914,2.208473e-02,2.659363e-04
-4.1855,7.2391,35.1914,2.139656e-02,2.659363e-04
-8.3620,-0.0052,35.1914,1.203267e-02,2.659363e-04
4.1765,7.2443,35.1914,1.502543e-01,2.659363e-04
4.1825,-7.2443,35.1914,1.420810e-01,2.659363e-04
-0.7799,-7.9934,59.0745,1.189684e-32,2.659363e-04
-0.7801,7.9934,59.0745,7.976891e-33,2.659363e-04
8.7703,3.2461,18.2863,1.985393e-04,2.659363e-04
8.7703,-3.2461,18.2863,1.974746e-04,2.659363e-04
1.6487,8.7637,33.1146,5.175361e-02,2.659363e-04
-1.6487,-8.7637,33.1146,3.244009e-02,2.659363e-04
-6.7653,5.8097,33.1146,1.076163e-02,2.659363e-04
-8.4140,-2.9541,33.1146,8.965212e-03,2.659363e-04
8.4140,2.9541,33.1146,1.730973e-02,2.659363e-04
8.4140,-2.9541,33.1146,1.706521e-02,2.659363e-04
1.7255,-8.7637,33.1146,4.988143e-02,2.659363e-04
-1.7255,8.7637,33.1146,3.274585e-02,2.659363e-04
-6.7269,-5.8762,33.1146,8.772612e-03,2.659363e-04
-8.4524,2.8876,33.1146,1.042524e-02,2.659363e-04
6.7269,5.8762,33.1146,2.446332e-02,2.659363e-04
6.7269,-5.8762,33.1146,2.487465e-02,2.659363e-04
-5.2987,-0.8086,45.9331,8.285589e-33,2.659363e-04
-4.6782,7.6713,18.2863,1.731285e-04,2.659363e-04
-8.9826,-0.2157,18.2863,1.953489e-04,2.659363e-04
4.3045,7.8871,18.2863,1.641550e-04,2.659363e-04
-4.3045,-7.8871,18.2863,1.653471e-04,2.659363e-04
1.9593,-4.9984,45.9331,3.635805e-01,2.659363e-04
-5.6223,5.9086,19.8961,2.917787e-04,2.659363e-04
-7.9282,-1.9148,19.8961,3.036411e-04,2.659363e-04
2.3058,7.8234,19.8961,3.132976e-04,2.659363e-04
-2.3058,-7.8234,19.8961,3.175531e-04,2.659363e-04
-1.9987,9.2183,18.2863,1.584701e-04,2.659363e-04
-8.9826,2.8783,18.2863,1.780125e-04,2.659363e-04
6.9840,6.3401,18.2863,1.632389e-04,2.659363e-04
-6.9840,-6.3401,18.2863,1.541614e-04,2.659363e-04
-8.6501,2.0259,41.6983,6.497162e-33,2.659363e-04
4.6891,2.7073,95.8743,3.071023e-05,2.659363e-04
4.6891,-2.7073,95.8743,3.072045e-05,2.659363e-04
-4.6891,-2.7073,95.8743,2.984320e-05,2.659363e-04
0.0000,-5.4145,95.8743,2.459370e-05,2.659363e-04
6.0887,-6.4835,41.6983,4.314765e-02,2.659363e-04
4.3918,0.0000,72.4011,1.720026e-01,2.659363e-04
-2.1959,-3.8034,72.4011,1.628679e-02,2.659363e-04
-4.3918,-0.0000,72.4011,9.563553e-03,2.659363e-04
2.1959,3.8034,72.4011,2.691770e-01,2.659363e-04
-2.1959,3.8034,72.4011,1.621618e-02,2.659363e-04
2.1959,-3.8034,72.4011,2.690649e-01,2.659363e-04
-1.1909,3.9191,12.6541,6.051225e-05,2.659363e-04
-2.7986,2.9909,12.6541,6.189007e-05,2.659363e-04
-3.9895,0.9282,12.6541,6.749095e-05,2.659363e-04
1.1909,3.9191,12.6541,6.092641e-05,2.659363e-04
-3.9895,-0.9282,12.6541,6.723843e-05,2.659363e-04
2.7986,2.9909,12.6541,6.228922e-05,2.659363e-04
-2.7986,-2.9909,12.6541,6.085896e-05,2.659363e-04
-1.1909,-3.9191,12.6541,6.140319e-05,2.659363e-04
1.1909,-3.9191,12.6541,6.232954e-05,2.659363e-04
3.9895,0.9282,12.6541,6.998142e-05,2.659363e-04
2.7986,-2.9909,12.6541,6.337640e-05,2.659363e-04
3.9895,-0.9282,12.6541,7.027009e-05,2.659363e-04
3.1029,4.0614,54.6126,5.518088e-01,2.659363e-04
3.1031,-4.0614,54.6126,5.518429e-01,2.659363e-04
8.0137,0.0000,48.2052,5.420660e-02,2.659363e-04
-4.0064,-6.9410,48.2052,1.373687e-32,2.659363e-04
-8.0142,-0.0009,48.2052,1.065932e-32,2.659363e-04
-4.0079,6.9401,48.2052,9.054749e-33,2.659363e-04
4.0064,6.9410,48.2052,2.624959e-01,2.659363e-04
4.0074,-6.9410,48.2052,2.627042e-01,2.659363e-04
-2.8787,-4.9984,45.9331,6.060868e-33,2.659363e-04
4.5168,-7.8234,19.8961,2.899633e-04,2.659363e-04
7.8652,0.0000,52.5527,5.260932e-02,2.659363e-04
-3.9325,-6.8116,52.5527,1.184551e-32,2.659363e-04
-7.8653,-0.0001,52.5527,1.084264e-32,2.659363e-04
-3.9328,6.8115,52.5527,1.382269e-32,2.659363e-04
3.9325,6.8116,52.5527,2.664198e-01,2.659363e-04
3.9327,-6.8116,52.5527,2.664559e-01,2.659363e-04
5.4477,0.0000,54.6126,2.795650e-01,2.659363e-04
-8.7230,-0.8129,39.5194,9.499908e-33,2.659363e-04
3.6727,-7.9661,39.5194,2.431484e-01,2.659363e-04
-1.5873,-8.2513,50.3790,7.470286e-33,2.659363e-04
-7.9395,-2.7510,50.3790,4.786734e-33,2.659363e-04
-6.3522,5.5003,50.3790,5.008289e-33,2.659363e-04
1.5873,8.2513,50.3790,8.679089e-01,2.659363e-04
7.9395,-2.7510,50.3790,4.568911e-02,2.659363e-04
7.9395,2.7510,50.3790,4.568911e-02,2.659363e-04
-6.3516,-5.5013,50.3790,6.066908e-33,2.659363e-04
1.5884,-8.2513,50.3790,8.685456e-01,2.659363e-04
-7.9401,2.7500,50.3790,4.508513e-33,2.659363e-04
6.3516,-5.5013,50.3790,4.568911e-02,2.659363e-04
-1.5884,8.2513,50.3790,7.396153e-33,2.659363e-04
6.3516,5.5013,50.3790,4.568911e-02,2.659363e-04
-8.5737,-0.8086,43.8772,1.825882e-32,2.659363e-04
3.5968,-7.8346,43.8772,2.449012e-01,2.659363e-04
-0.0000,5.4145,95.8743,2.481909e-05,2.659363e-04
-4.6891,2.7073,95.8743,3.032780e-05,2.659363e-04
3.0286,3.9324,63.3112,5.685168e-01,2.659363e-04
3.0286,-3.9324,63.3112,5.685230e-01,2.659363e-04
7.2698,0.0000,74.6823,5.102251e-02,2.659363e-04
-3.6349,-6.2958,74.6823,2.315673e-02,2.659363e-04
-7.2698,-0.0000,74.6823,1.128168e-02,2.659363e-04
-3.6349,6.2958,74.6823,2.308246e-02,2.659363e-04
3.6349,6.2958,74.6823,1.605486e-01,2.659363e-04
3.6349,-6.2958,74.6823,1.606471e-01,2.659363e-04
6.7448,-2.3471,91.8487,8.546318e-05,2.659363e-04
6.7448,2.3471,91.8487,8.529276e-05,2.659363e-04
5.4051,4.6676,91.8487,7.529280e-05,2.659363e-04
5.4051,-4.6676,91.8487,7.531606e-05,2.659363e-04
-6.7448,2.3471,91.8487,8.322561e-05,2.659363e-04
-1.3397,7.0148,91.8487,7.016502e-05,2.659363e-04
1.3397,-7.0148,91.8487,6.740316e-05,2.659363e-04
-5.4051,-4.6676,91.8487,7.400373e-05,2.659363e-04
-6.7448,-2.3471,91.8487,8.260837e-05,2.659363e-04
-5.4051,4.6676,91.8487,7.516865e-05,2.659363e-04
-1.3397,-7.0148,91.8487,6.767454e-05,2.659363e-04
1.3397,7.0148,91.8487,6.979262e-05,2.659363e-04
2.2964,7.9934,59.0745,9.998930e-01,2.659363e-04
2.2966,-7.9934,59.0745,1.000000e+00,2.659363e-04
7.5179,0.0000,65.5963,5.889652e-02,2.659363e-04
-3.7589,-6.5107,65.5963,5.251731e-33,2.659363e-04
-7.5179,-0.0000,65.5963,7.329333e-33,2.659363e-04
-3.7590,6.5107,65.5963,7.739409e-33,2.659363e-04
3.7589,6.5107,65.5963,2.911831e-01,2.659363e-04
3.7590,-6.5107,65.5963,2.911897e-01,2.659363e-04
-7.4087,9.0026,18.9711,1.710852e-04,2.659363e-04
-11.5008,-1.9148,18.9711,2.047920e-04,2.659363e-04
-4.0921,-10.9174,18.9711,1.910119e-04,2.659363e-04
4.0921,10.9174,18.9711,1.903101e-04,2.659363e-04
6.7910,0.0000,90.5026,1.489494e-04,2.659363e-04
3.3955,5.8811,90.5026,1.080446e-04,2.659363e-04
3.3955,-5.8811,90.5026,1.059250e-04,2.659363e-04
-6.7910,-0.0000,90.5026,1.376638e-04,2.659363e-04
-3.3955,-5.8811,90.5026,1.068096e-04,2.659363e-04
-3.3955,5.8811,90.5026,1.100500e-04,2.659363e-04
5.2989,0.0000,63.3112,2.797938e-01,2.659363e-04
7.3690,0.0000,69.9418,5.738476e-02,2.659363e-04
-3.6845,-6.3818,69.9418,1.959542e-32,2.659363e-04
-7.3690,-0.0000,69.9418,1.325096e-32,2.659363e-04
3.6845,6.3818,69.9418,2.967539e-01,2.659363e-04
-3.6845,6.3818,69.9418,1.455200e-32,2.659363e-04
3.6845,-6.3818,69.9418,2.967551e-01,2.659363e-04
4.6411,6.7257,56.9016,3.387852e-01,2.659363e-04
4.6413,-6.7257,56.9016,3.388248e-01,2.659363e-04
-1.4886,-7.7355,67.7691,8.198939e-33,2.659363e-04
-7.4435,-2.5786,67.7691,9.495645e-33,2.659363e-04
7.4435,-2.5786,67.7691,5.198512e-02,2.659363e-04
7.4435,2.5786,67.7691,5.198512e-02,2.659363e-04
-5.9549,5.1569,67.7691,5.718995e-33,2.659363e-04
1.4886,7.7355,67.7691,9.878388e-01,2.659363e-04
-5.9549,-5.1570,67.7691,7.506114e-33,2.659363e-04
1.4886,-7.7355,67.7691,9.878603e-01,2.659363e-04
5.9549,-5.1570,67.7691,5.198512e-02,2.659363e-04
-7.4435,2.5786,67.7691,5.029838e-33,2.659363e-04
5.9549,5.1570,67.7691,5.198512e-02,2.659363e-04
-1.4886,7.7355,67.7691,5.761389e-33,2.659363e-04
4.5668,6.5967,61.2474,3.489059e-01,2.659363e-04
4.5668,-6.5967,61.2474,3.489129e-01,2.659363e-04
11.9423,-0.0000,28.9482,5.202973e-03,2.659363e-04
7.1962,-2.4932,76.8290,2.021012e-02,2.659363e-04
7.1962,2.4932,76.8290,2.022740e-02,2.659363e-04
-7.1962,-2.4932,76.8290,9.498550e-03,2.659363e-04
-1.4390,-7.4787,76.8290,3.200862e-02,2.659363e-04
-5.7573,4.9856,76.8290,9.684801e-03,2.659363e-04
1.4390,7.4787,76.8290,4.238069e-02,2.659363e-04
-7.1963,2.4932,76.8290,9.468443e-03,2.659363e-04
-5.7573,-4.9856,76.8290,9.752345e-03,2.659363e-04
1.4390,-7.4787,76.8290,4.192265e-02,2.659363e-04
-1.4390,7.4787,76.8290,3.205362e-02,2.659363e-04
5.7573,-4.9856,76.8290,2.674601e-02,2.659363e-04
5.7573,4.9856,76.8290,2.685436e-02,2.659363e-04
-5.9358,-10.4037,28.9482,3.076581e-03,2.659363e-04
-6.0419,10.3424,28.9482,3.255604e-03,2.659363e-04
-11.9777,-0.0613,28.9482,2.854916e-03,2.659363e-04
5.9358,10.4037,28.9482,6.137411e-03,2.659363e-04
3.5614,-6.1684,78.9757,1.060087e-02,2.659363e-04
3.5614,6.1684,78.9757,1.070463e-02,2.659363e-04
7.1227,0.0000,78.9757,7.074508e-03,2.659363e-04
-7.1227,0.0000,78.9757,5.855543e-03,2.659363e-04
-3.5614,-6.1684,78.9757,5.032249e-03,2.659363e-04
-3.5614,6.1684,78.9757,5.064101e-03,2.659363e-04
-4.5871,-7.9661,39.5194,1.319131e-32,2.659363e-04
6.0066,-10.4037,28.9482,6.122690e-03,2.659363e-04
-8.6466,-3.6474,41.6983,8.034914e-33,2.659363e-04
1.1808,-9.3171,41.6983,8.604819e-01,2.659363e-04
2.3818,0.0000,3.9379,5.104380e-06,2.659363e-04
0.5954,1.0313,3.9379,3.741913e-06,2.659363e-04
-0.5954,-1.0313,3.9379,3.684181e-06,2.659363e-04
-2.3818,0.0000,3.9379,5.048802e-06,2.659363e-04
-5.8288,-10.8314,21.1436,3.054204e-04,2.659363e-04
-6.4659,10.4637,21.1436,3.098589e-04,2.659363e-04
-12.2947,-0.3678,21.1436,4.206691e-04,2.659363e-04
5.8288,10.8314,21.1436,2.897478e-04,2.659363e-04
-4.5162,-7.8346,43.8772,1.244669e-32,2.659363e-04
11.6339,-0.0000,37.4466,1.399865e-02,2.659363e-04
-5.8230,10.0753,37.4466,9.384777e-03,2.659363e-04
-5.8140,-10.0805,37.4466,9.778145e-03,2.659363e-04
-11.6369,-0.0052,37.4466,4.327990e-03,2.659363e-04
5.8140,10.0805,37.4466,1.617171e-01,2.659363e-04
5.8200,-10.0805,37.4466,1.603843e-01,2.659363e-04
2.3818,0.0000,6.7412,1.434586e-05,2.659363e-04
0.5954,1.0313,6.7412,1.254001e-05,2.659363e-04
-0.5954,-1.0313,6.7412,1.253029e-05,2.659363e-04
-2.3818,0.0000,6.7412,1.428989e-05,2.659363e-04
8.5242,-0.0000,56.9016,1.010675e-01,2.659363e-04
6.9116,5.3289,59.0745,8.564646e-02,2.659363e-04
6.9116,-5.3289,59.0745,8.564646e-02,2.659363e-04
8.3754,-0.0000,61.2474,9.498890e-02,2.659363e-04
11.2887,-0.0000,46.1493,1.358138e-32,2.659363e-04
-5.6453,9.7763,46.1493,1.258977e-32,2.659363e-04
-5.6438,-9.7771,46.1493,1.646935e-32,2.659363e-04
-11.2892,-0.0009,46.1493,1.391784e-32,2.659363e-04
5.6438,9.7771,46.1493,1.776184e-01,2.659363e-04
5.6448,-9.7771,46.1493,1.778395e-01,2.659363e-04
-7.0091,-6.4835,41.6983,1.011942e-32,2.659363e-04
-2.0942,-9.3171,41.6983,7.039509e-33,2.659363e-04
10.9417,-0.0000,54.8418,2.991815e-32,2.659363e-04
-5.4710,9.4757,54.8418,1.078291e-32,2.659363e-04
-5.4707,-9.4759,54.8418,1.883597e-32,2.659363e-04
-10.9417,-0.0001,54.8418,1.148436e-32,2.659363e-04
5.4707,9.4759,54.8418,1.891777e-01,2.659363e-04
5.4709,-9.4759,54.8418,1.892181e-01,2.659363e-04
-5.5972,0.0000,10.1540,4.530985e-05,2.659363e-04
-2.7986,-4.8473,10.1540,3.310815e-05,2.659363e-04
-2.7986,4.8473,10.1540,3.404313e-05,2.659363e-04
2.7986,4.8473,10.1540,3.292494e-05,2.659363e-04
2.7986,-4.8473,10.1540,3.437486e-05,2.659363e-04
5.5972,-0.0000,10.1540,4.672559e-05,2.659363e-04
8.4498,-2.6646,59.0745,8.564646e-02,2.659363e-04
8.4498,2.6646,59.0745,8.564646e-02,2.659363e-04
6.2535,-10.8314,21.1436,3.186217e-04,2.659363e-04
10.5944,-0.0000,63.5325,2.735755e-32,2.659363e-04
5.2972,9.1750,63.5325,2.018050e-01,2.659363e-04
-5.2972,9.1750,63.5325,1.685753e-32,2.659363e-04
-5.2972,-9.1750,63.5325,1.172112e-32,2.659363e-04
-10.5944,-0.0000,63.5325,1.574809e-32,2.659363e-04
5.2972,-9.1750,63.5325,2.018125e-01,2.659363e-04
9.5697,0.0000,89.0960,2.657315e-04,2.659363e-04
4.7848,8.2876,89.0960,1.500057e-04,2.659363e-04
4.7848,-8.2876,89.0960,1.459990e-04,2.659363e-04
-4.7848,-8.2876,89.0960,1.506690e-04,2.659363e-04
-4.7848,8.2876,89.0960,1.567204e-04,2.659363e-04
-9.5697,-0.0000,89.0960,2.337164e-04,2.659363e-04
10.2470,-0.0000,72.2229,2.238190e-02,2.659363e-04
5.1235,8.8742,72.2229,1.965606e-01,2.659363e-04
-5.1235,8.8742,72.2229,1.182670e-02,2.659363e-04
-5.1235,-8.8742,72.2229,1.170927e-02,2.659363e-04
-10.2470,-0.0000,72.2229,4.480637e-03,2.659363e-04
5.1235,-8.8742,72.2229,1.969850e-01,2.659363e-04
4.9507,-8.5749,80.8614,4.981862e-03,2.659363e-04
4.9507,8.5749,80.8614,5.082511e-03,2.659363e-04
-4.9507,8.5749,80.8614,2.756376e-03,2.659363e-04
-4.9507,-8.5749,80.8614,2.739277e-03,2.659363e-04
-9.9014,0.0000,80.8614,2.949853e-03,2.659363e-04
9.9014,-0.0000,80.8614,4.702091e-03,2.659363e-04
-2.2031,3.8159,8.8414,2.521925e-05,2.659363e-04
-2.2031,-3.8159,8.8414,2.467348e-05,2.659363e-04
-4.4063,0.0000,8.8414,3.182215e-05,2.659363e-04
4.4063,-0.0000,8.8414,3.240753e-05,2.659363e-04
2.2031,-3.8159,8.8414,2.550717e-05,2.659363e-04
2.2031,3.8159,8.8414,2.463723e-05,2.659363e-04
3.3940,-1.9595,7.7913,2.226946e-05,2.659363e-04
3.3940,1.9595,7.7913,2.200472e-05,2.659363e-04
-3.3940,-1.9595,7.7913,2.181776e-05,2.659363e-04
-3.3940,1.9595,7.7913,2.195082e-05,2.659363e-04
-0.0000,-3.9191,7.7913,1.904702e-05,2.659363e-04
0.0000,3.9191,7.7913,1.894998e-05,2.659363e-04
0.8932,-1.5470,106.0184,2.191475e-07,2.659363e-04
-1.7863,0.0000,106.0184,2.779742e-07,2.659363e-04
0.8932,0.0000,106.0184,2.418843e-07,2.659363e-04
-0.4466,0.7735,106.0184,2.378878e-07,2.659363e-04
-3.3940,5.8786,8.6633,2.533988e-05,2.659363e-04
-3.3940,-5.8786,8.6633,2.406600e-05,2.659363e-04
-6.7880,0.0000,8.6633,3.966213e-05,2.659363e-04
6.7880,-0.0000,8.6633,4.079565e-05,2.659363e-04
3.3940,-5.8786,8.6633,2.549242e-05,2.659363e-04
3.3940,5.8786,8.6633,2.365255e-05,2.659363e-04
2.6795,0.0000,100.6595,6.028395e-06,2.659363e-04
0.4466,-0.7735,101.9992,2.889238e-06,2.659363e-04
2.6795,-3.0940,100.6595,5.703210e-06,2.659363e-04
0.4466,-3.8675,101.9992,2.818240e-06,2.659363e-04
2.9772,-8.2507,15.3638,1.040472e-04,2.659363e-04
5.6567,-6.7037,15.3638,8.847135e-05,2.659363e-04
-5.6567,6.7037,15.3638,8.952080e-05,2.659363e-04
-2.9772,8.2507,15.3638,9.854467e-05,2.659363e-04
-8.6339,-1.5470,15.3638,1.054842e-04,2.659363e-04
-8.6339,1.5470,15.3638,1.022780e-04,2.659363e-04
2.9772,8.2507,15.3638,1.000648e-04,2.659363e-04
5.6567,6.7037,15.3638,8.485208e-05,2.659363e-04
-5.6567,-6.7037,15.3638,8.201805e-05,2.659363e-04
-2.9772,-8.2507,15.3638,1.036722e-04,2.659363e-04
8.6339,1.5470,15.3638,1.160475e-04,2.659363e-04
8.6339,-1.5470,15.3638,1.150797e-04,2.659363e-04
-7.2623,8.8199,24.4833,1.003247e-03,2.659363e-04
-5.5256,5.8119,23.2358,7.871213e-04,2.659363e-04
-11.2695,-1.8794,24.4833,1.155693e-03,2.659363e-04
-7.7960,-1.8794,23.2358,8.288807e-04,2.659363e-04
4.0071,10.6993,24.4833,1.065139e-03,2.659363e-04
2.2704,7.6913,23.2358,9.341336e-04,2.659363e-04
-4.0071,-10.6993,24.4833,8.963145e-04,2.659363e-04
-2.2704,-7.6913,23.2358,8.232494e-04,2.659363e-04
9.5642,1.6991,20.4588,4.708176e-04,2.659363e-04
9.5642,-1.6991,20.4588,4.694041e-04,2.659363e-04
6.4754,1.1603,94.5346,4.289050e-05,2.659363e-04
6.4754,-1.1603,94.5346,4.303407e-05,2.659363e-04
2.2329,6.1880,94.5346,3.386121e-05,2.659363e-04
4.2425,5.0278,94.5346,3.125763e-05,2.659363e-04
-6.4754,1.1603,94.5346,4.144902e-05,2.659363e-04
-6.4754,-1.1603,94.5346,4.141652e-05,2.659363e-04
-2.2329,6.1880,94.5346,3.402509e-05,2.659363e-04
-4.2425,5.0278,94.5346,3.110264e-05,2.659363e-04
4.2425,-5.0278,94.5346,3.103537e-05,2.659363e-04
2.2329,-6.1880,94.5346,3.305752e-05,2.659363e-04
-4.2425,-5.0278,94.5346,3.041511e-05,2.659363e-04
-2.2329,-6.1880,94.5346,3.311407e-05,2.659363e-04
