wire,digits,source_label_or_note,role,status_before_r1011d,parse_status,terminal,payload_text,payload_decimal_digits,depth,payload_width_bits,E3,state_1,state_2,state_3,children,payload_binary,r1011d_status
165652893,9,,NEW_LATE_INTAKE,,PARSED,3,565289,6,0,21,2,10,0,41,,010001010000000101001,SEGMENTED_E3_PARSED
165778933,9,,NEW_LATE_INTAKE,,PARSED,3,577893,6,0,21,2,13,5,37,,010001101000101100101,SEGMENTED_E3_PARSED
165823973,9,,NEW_LATE_INTAKE,,PARSED,3,582397,6,0,21,2,14,11,61,,010001110001011111101,SEGMENTED_E3_PARSED
165827493,9,unlabelled,SOURCE_REPORTED_ADDITIONAL_LANDING_SITE_SET,V1_MODEL_DERIVED; NOT_INDEPENDENT_VALIDATION,PARSED,3,582749,6,0,21,2,14,17,29,,010001110010001011101,SEGMENTED_E3_PARSED
165829473,9,"The Ls: ""move like preset locations""",SEALED_SEMANTIC_HOLDOUT_NO_GEOGRAPHIC_LABEL,SEALED_HOLDOUT; DO_NOT_FIT,PARSED,3,582947,6,0,21,2,14,20,35,,010001110010100100011,SEGMENTED_E3_PARSED
165829743,9,unlabelled,SOURCE_REPORTED_ADDITIONAL_LANDING_SITE_SET,V1_MODEL_DERIVED; NOT_INDEPENDENT_VALIDATION,PARSED,3,582974,6,0,21,2,14,20,62,,010001110010100111110,SEGMENTED_E3_PARSED
165829763,9,unlabelled,SOURCE_REPORTED_ADDITIONAL_LANDING_SITE_SET,V1_MODEL_DERIVED; NOT_INDEPENDENT_VALIDATION,PARSED,3,582976,6,0,21,2,14,21,0,,010001110010101000000,SEGMENTED_E3_PARSED
165832947,9,unlabelled,SOURCE_REPORTED_ADDITIONAL_LANDING_SITE_SET,V1_MODEL_DERIVED; NOT_INDEPENDENT_VALIDATION,PARSED,7,583294,6,0,21,2,14,25,62,,010001110011001111110,SEGMENTED_E3_PARSED
165837249,9,unlabelled,SOURCE_REPORTED_ADDITIONAL_LANDING_SITE_SET,V1_MODEL_DERIVED; NOT_INDEPENDENT_VALIDATION,PARSED,9,583724,6,0,21,2,14,32,44,,010001110100000101100,SEGMENTED_E3_PARSED
165872393,9,,NEW_LATE_INTAKE,,PARSED,3,587239,6,0,21,2,15,23,39,,010001111010111100111,SEGMENTED_E3_PARSED
165872943,9,"The Ls: ""move like preset locations""",SEALED_SEMANTIC_HOLDOUT_NO_GEOGRAPHIC_LABEL,SEALED_HOLDOUT; DO_NOT_FIT,PARSED,3,587294,6,0,21,2,15,24,30,,010001111011000011110,SEGMENTED_E3_PARSED
165874293,9,unlabelled,SOURCE_REPORTED_ADDITIONAL_LANDING_SITE_SET,V1_MODEL_DERIVED; NOT_INDEPENDENT_VALIDATION,PARSED,3,587429,6,0,21,2,15,26,37,,010001111011010100101,SEGMENTED_E3_PARSED
165876523,9,Stonehenge,DECLARED_CALIBRATION_LABEL,CALIBRATION_ANCHOR,PARSED,3,587652,6,0,21,2,15,30,4,,010001111011110000100,SEGMENTED_E3_PARSED
165877623,9,unlabelled,SOURCE_REPORTED_ADDITIONAL_LANDING_SITE_SET,V1_MODEL_DERIVED; NOT_INDEPENDENT_VALIDATION,PARSED,3,587762,6,0,21,2,15,31,50,,010001111011111110010,SEGMENTED_E3_PARSED
165878923,9,unlabelled,SOURCE_REPORTED_ADDITIONAL_LANDING_SITE_SET,V1_MODEL_DERIVED; NOT_INDEPENDENT_VALIDATION,PARSED,3,587892,6,0,21,2,15,33,52,,010001111100001110100,SEGMENTED_E3_PARSED
165878965,9,unlabelled,SOURCE_REPORTED_ADDITIONAL_LANDING_SITE_SET,V1_MODEL_DERIVED; NOT_INDEPENDENT_VALIDATION,PARSED,5,587896,6,0,21,2,15,33,56,,010001111100001111000,SEGMENTED_E3_PARSED
165879123,9,unlabelled,SOURCE_REPORTED_ADDITIONAL_LANDING_SITE_SET,V1_MODEL_DERIVED; NOT_INDEPENDENT_VALIDATION,PARSED,3,587912,6,0,21,2,15,34,8,,010001111100010001000,SEGMENTED_E3_PARSED
165879243,9,Montréal,DECLARED_CALIBRATION_LABEL,CURRENT_DIRECT_COMPACT_RECORD; GEOMETRIC_INTEGRATION_UNRESOLVED,PARSED,3,587924,6,0,21,2,15,34,20,,010001111100010010100,SEGMENTED_E3_PARSED
165879253,9,unlabelled,SOURCE_REPORTED_ADDITIONAL_LANDING_SITE_SET,V1_MODEL_DERIVED; NOT_INDEPENDENT_VALIDATION,PARSED,3,587925,6,0,21,2,15,34,21,,010001111100010010101,SEGMENTED_E3_PARSED
165879633,9,,NEW_LATE_INTAKE,,PARSED,3,587963,6,0,21,2,15,34,59,,010001111100010111011,SEGMENTED_E3_PARSED
165892323,9,"recorded immediately upon waking, no description",SEALED_UNLABELLED_HOLDOUT,SEALED_HOLDOUT; DO_NOT_FIT,PARSED,3,589232,6,0,21,2,15,54,48,,010001111110110110000,SEGMENTED_E3_PARSED
165892733,9,St. John's one less refinement,NEW_EXACT_SAME_LOCATION_TRAINING_PAIR,CRITICAL_NEW_CODEC_CONSTRAINT,PARSED,3,589273,6,0,21,2,15,55,25,,010001111110111011001,SEGMENTED_E3_PARSED
165892743,9,orange-slice member 1,ORANGE_SLICE_CONSTRAINT,TRAINING_GEOMETRY; ABSOLUTE LOCATION MODEL_DEPENDENT,PARSED,3,589274,6,0,21,2,15,55,26,,010001111110111011010,SEGMENTED_E3_PARSED
165892763,9,orange-slice member 2,ORANGE_SLICE_CONSTRAINT,TRAINING_GEOMETRY; ABSOLUTE LOCATION MODEL_DEPENDENT,PARSED,3,589276,6,0,21,2,15,55,28,,010001111110111011100,SEGMENTED_E3_PARSED
165892783,9,orange-slice member 3,ORANGE_SLICE_CONSTRAINT,TRAINING_GEOMETRY; ABSOLUTE LOCATION MODEL_DEPENDENT,PARSED,3,589278,6,0,21,2,15,55,30,,010001111110111011110,SEGMENTED_E3_PARSED
167829573,9,unlabelled,LEGACY_CORPUS,CANDIDATE_FORWARD_PROJECTION,PARSED,3,782957,6,0,21,2,63,9,45,,010111111001001101101,SEGMENTED_E3_PARSED
167849523,9,Erie,DECLARED_CALIBRATION_LABEL,CALIBRATION_ANCHOR,PARSED,3,784952,6,0,21,2,63,40,56,,010111111101000111000,SEGMENTED_E3_PARSED
167854923,9,Unlabelled blind vector; operator withheld identity,BLIND_HOLDOUT,FROZEN_V1_PREDICTION; LABEL_UNREVEALED; DO_NOT_FIT,PARSED,3,785492,6,0,21,2,63,49,20,,010111111110001010100,SEGMENTED_E3_PARSED
168724343,9,"received without description, together with 1687209343",SEALED_UNLABELLED_HOLDOUT,SEALED_HOLDOUT; DO_NOT_FIT,PARSED,3,872434,6,0,21,3,20,63,50,,011010100111111110010,SEGMENTED_E3_PARSED
168729543,9,Montréal (superseded),SUPERSEDED_TRANSCRIPTION,SUPERSEDED; PRESERVE_ONLY,PARSED,3,872954,6,0,21,3,21,7,58,,011010101000111111010,SEGMENTED_E3_PARSED
168930443,9,Toronto,DECLARED_CALIBRATION_LABEL,CALIBRATION_ANCHOR,PARSED,3,893044,6,0,21,3,26,1,52,,011011010000001110100,SEGMENTED_E3_PARSED
683742917,9,unlabelled,LEGACY_CORPUS,PROVISIONAL_CORPUS; NO_EARTH_BRIDGE,NOT_16_PREFIX_FAMILY,,,,,,,,,,,,NOT_16_PREFIX_FAMILY
1643789253,10,Stonehenge variable-length,LEGACY_CORPUS,VARIABLE_CODEC_UNRESOLVED; OLD_AFFINE_BRIDGE_SUPERSEDED,PARSED,3,4378925,7,1,24,2,5,40,37,5,010000101101000100101101,SEGMENTED_E3_PARSED
1658274383,10,"CYYT St. John's, Newfoundland and Labrador",LABELLED_CALIBRATION_OR_CORRUPTED_RECORD,NEW EXACT SAME_LOCATION_PAIR; VARIABLE_CODEC_UNRESOLVED,PARSED,3,5827438,7,1,24,2,49,53,45,6,010110001110101101101110,SEGMENTED_E3_PARSED
1658729343,10,,NEW_LATE_INTAKE,,PARSED,3,5872934,7,1,24,2,51,14,36,6,010110011001110100100110,SEGMENTED_E3_PARSED
1658792343,10,Gander NATO listening station/base behind CYQX / Argentia Naval Base - USA,LABELLED_CALIBRATION_OR_CORRUPTED_RECORD,CORRUPTED_COLLISION; EXCLUDED_FROM_FIT,PARSED,3,5879234,7,1,24,2,51,26,56,2,010110011011010111000010,SEGMENTED_E3_PARSED
1672875493,10,Toronto variable-length,LEGACY_CORPUS,VARIABLE_CODEC_UNRESOLVED; OLD_AFFINE_BRIDGE_SUPERSEDED,PARSED,3,7287549,7,1,24,3,30,25,31,5,011011110011001011111101,SEGMENTED_E3_PARSED
1678295343,10,unlabelled,VARIABLE_DEPTH_CORPUS,NO_VALIDATED_EARTH_BRIDGE,PARSED,3,7829534,7,1,24,3,46,60,3,6,011101110111100000011110,SEGMENTED_E3_PARSED
1678523973,10,unlabelled,VARIABLE_DEPTH_CORPUS,NO_VALIDATED_EARTH_BRIDGE,PARSED,3,7852397,7,1,24,3,47,40,45,5,011101111101000101101101,SEGMENTED_E3_PARSED
1687209343,10,"received without description, together with 168724343",SEALED_UNLABELLED_HOLDOUT,SEALED_HOLDOUT; DO_NOT_FIT,PARSED,3,8720934,7,1,24,4,10,9,4,6,100001010001001000100110,SEGMENTED_E3_PARSED
2736598321,10,unlabelled,VARIABLE_DEPTH_CORPUS,NO_VALIDATED_EARTH_BRIDGE,NOT_16_PREFIX_FAMILY,,,,,,,,,,,,NOT_16_PREFIX_FAMILY
4270532947,10,unlabelled,VARIABLE_DEPTH_CORPUS,NO_VALIDATED_EARTH_BRIDGE,NOT_16_PREFIX_FAMILY,,,,,,,,,,,,NOT_16_PREFIX_FAMILY
16752349783,11,unlabelled,VARIABLE_DEPTH_CORPUS,NO_VALIDATED_EARTH_BRIDGE,PARSED,3,75234978,8,2,27,4,30,63,58,4 2,100011110111111111010100010,SEGMENTED_E3_PARSED
16782953437,11,unlabelled,VARIABLE_DEPTH_CORPUS,NO_VALIDATED_EARTH_BRIDGE,PARSED,7,78295343,8,2,27,4,42,43,4,5 7,100101010101011000100101111,SEGMENTED_E3_PARSED
162875432975,12,unlabelled,SEPARATE_NONTERRA_VECTOR_FAMILY,NO_EARTH_BRIDGE,PARSED,5,287543297,9,3,30,2,9,7,8,0 0 1,010001001000111001000000000001,SEGMENTED_E3_PARSED
162875439275,12,unlabelled,SEPARATE_NONTERRA_VECTOR_FAMILY,NO_EARTH_BRIDGE,PARSED,5,287543927,9,3,30,2,9,7,9,1 6 7,010001001000111001001001110111,SEGMENTED_E3_PARSED
162875439285,12,unlabelled,SEPARATE_NONTERRA_VECTOR_FAMILY,NO_EARTH_BRIDGE,PARSED,5,287543928,9,3,30,2,9,7,9,1 7 0,010001001000111001001001111000,SEGMENTED_E3_PARSED
162875493612,12,unlabelled,SEPARATE_NONTERRA_VECTOR_FAMILY,NO_EARTH_BRIDGE,PARSED,2,287549361,9,3,30,2,9,7,19,6 6 1,010001001000111010011110110001,SEGMENTED_E3_PARSED
162877542769,12,unlabelled,SEPARATE_NONTERRA_VECTOR_FAMILY,NO_EARTH_BRIDGE,PARSED,9,287754276,9,3,30,2,9,13,36,0 4 4,010001001001101100100000100100,SEGMENTED_E3_PARSED
276354297635,12,unlabelled,VARIABLE_DEPTH_CORPUS,NO_VALIDATED_EARTH_BRIDGE,NOT_16_PREFIX_FAMILY,,,,,,,,,,,,NOT_16_PREFIX_FAMILY
