candidate,refined,compact,rejection
T11V2_FAM_ORIENT_FQCS_APPLY_seedFwd_childRaw,1643789253,165876523,same_face; same_shell_class; parent_path_equal failed
T11V2_FAM_ORIENT_FQCS_APPLY_seedFwd_childRaw,1672875493,168930443,same_face; same_shell_class; parent_path_equal failed
T11V2_FAM_ORIENT_FQCS_APPLY_seedFwd_childRemap,1643789253,165876523,same_face; same_shell_class; parent_path_equal failed
T11V2_FAM_ORIENT_FQCS_APPLY_seedFwd_childRemap,1672875493,168930443,same_face; same_shell_class; parent_path_equal failed
T11V2_FAM_ORIENT_FQCS_APPLY_seedInv_childRaw,1643789253,165876523,same_face; same_shell_class; parent_path_equal failed
T11V2_FAM_ORIENT_FQCS_APPLY_seedInv_childRaw,1672875493,168930443,same_face; same_shell_class; parent_path_equal failed
T11V2_FAM_ORIENT_FQCS_APPLY_seedInv_childRemap,1643789253,165876523,same_face; same_shell_class; parent_path_equal failed
T11V2_FAM_ORIENT_FQCS_APPLY_seedInv_childRemap,1672875493,168930443,same_face; same_shell_class; parent_path_equal failed
T11V2_FAM_ORIENT_FQCS_UNAPPLY_seedFwd_childRaw,1643789253,165876523,same_face; same_shell_class; parent_path_equal failed
T11V2_FAM_ORIENT_FQCS_UNAPPLY_seedFwd_childRaw,1672875493,168930443,same_face; same_shell_class; parent_path_equal failed
T11V2_FAM_ORIENT_FQCS_UNAPPLY_seedFwd_childRemap,1643789253,165876523,same_face; same_shell_class; parent_path_equal failed
T11V2_FAM_ORIENT_FQCS_UNAPPLY_seedFwd_childRemap,1672875493,168930443,same_face; same_shell_class; parent_path_equal failed
T11V2_FAM_ORIENT_FQCS_UNAPPLY_seedInv_childRaw,1643789253,165876523,same_face; same_shell_class; parent_path_equal failed
T11V2_FAM_ORIENT_FQCS_UNAPPLY_seedInv_childRaw,1672875493,168930443,same_face; same_shell_class; parent_path_equal failed
T11V2_FAM_ORIENT_FQCS_UNAPPLY_seedInv_childRemap,1643789253,165876523,same_face; same_shell_class; parent_path_equal failed
T11V2_FAM_ORIENT_FQCS_UNAPPLY_seedInv_childRemap,1672875493,168930443,same_face; same_shell_class; parent_path_equal failed
T11V2_FAM_ORDER_ORIENT_QFCS_APPLY_seedFwd_childRaw,1643789253,165876523,same_face; same_shell_class; parent_path_equal failed
T11V2_FAM_ORDER_ORIENT_QFCS_APPLY_seedFwd_childRaw,1672875493,168930443,reserved face 23
T11V2_FAM_ORDER_ORIENT_QFCS_APPLY_seedFwd_childRemap,1643789253,165876523,same_face; same_shell_class; parent_path_equal failed
T11V2_FAM_ORDER_ORIENT_QFCS_APPLY_seedFwd_childRemap,1672875493,168930443,reserved face 23
T11V2_FAM_ORDER_ORIENT_QFCS_APPLY_seedInv_childRaw,1643789253,165876523,same_face; same_shell_class; parent_path_equal failed
T11V2_FAM_ORDER_ORIENT_QFCS_APPLY_seedInv_childRaw,1672875493,168930443,reserved face 23
T11V2_FAM_ORDER_ORIENT_QFCS_APPLY_seedInv_childRemap,1643789253,165876523,same_face; same_shell_class; parent_path_equal failed
T11V2_FAM_ORDER_ORIENT_QFCS_APPLY_seedInv_childRemap,1672875493,168930443,reserved face 23
T11V2_FAM_ORDER_ORIENT_QFCS_UNAPPLY_seedFwd_childRaw,1643789253,165876523,same_face; same_shell_class; parent_path_equal failed
T11V2_FAM_ORDER_ORIENT_QFCS_UNAPPLY_seedFwd_childRaw,1672875493,168930443,reserved face 23
T11V2_FAM_ORDER_ORIENT_QFCS_UNAPPLY_seedFwd_childRemap,1643789253,165876523,same_face; same_shell_class; parent_path_equal failed
T11V2_FAM_ORDER_ORIENT_QFCS_UNAPPLY_seedFwd_childRemap,1672875493,168930443,reserved face 23
T11V2_FAM_ORDER_ORIENT_QFCS_UNAPPLY_seedInv_childRaw,1643789253,165876523,same_face; same_shell_class; parent_path_equal failed
T11V2_FAM_ORDER_ORIENT_QFCS_UNAPPLY_seedInv_childRaw,1672875493,168930443,reserved face 23
T11V2_FAM_ORDER_ORIENT_QFCS_UNAPPLY_seedInv_childRemap,1643789253,165876523,same_face; same_shell_class; parent_path_equal failed
T11V2_FAM_ORDER_ORIENT_QFCS_UNAPPLY_seedInv_childRemap,1672875493,168930443,reserved face 23
T11V2_FAM_ORDER_ORIENT_QCSF_APPLY_seedFwd_childRaw,1643789253,165876523,same_face; same_shell_class; parent_path_equal failed
T11V2_FAM_ORDER_ORIENT_QCSF_APPLY_seedFwd_childRaw,1672875493,168930443,same_shell_class; parent_path_equal failed
T11V2_FAM_ORDER_ORIENT_QCSF_APPLY_seedFwd_childRemap,1643789253,165876523,same_face; same_shell_class; parent_path_equal failed
T11V2_FAM_ORDER_ORIENT_QCSF_APPLY_seedFwd_childRemap,1672875493,168930443,same_shell_class; parent_path_equal failed
T11V2_FAM_ORDER_ORIENT_QCSF_APPLY_seedInv_childRaw,1643789253,165876523,same_face; same_shell_class; parent_path_equal failed
T11V2_FAM_ORDER_ORIENT_QCSF_APPLY_seedInv_childRaw,1672875493,168930443,same_shell_class; parent_path_equal failed
T11V2_FAM_ORDER_ORIENT_QCSF_APPLY_seedInv_childRemap,1643789253,165876523,same_face; same_shell_class; parent_path_equal failed
T11V2_FAM_ORDER_ORIENT_QCSF_APPLY_seedInv_childRemap,1672875493,168930443,same_shell_class; parent_path_equal failed
T11V2_FAM_ORDER_ORIENT_QCSF_UNAPPLY_seedFwd_childRaw,1643789253,165876523,same_face; same_shell_class; parent_path_equal failed
T11V2_FAM_ORDER_ORIENT_QCSF_UNAPPLY_seedFwd_childRaw,1672875493,168930443,same_shell_class; parent_path_equal failed
T11V2_FAM_ORDER_ORIENT_QCSF_UNAPPLY_seedFwd_childRemap,1643789253,165876523,same_face; same_shell_class; parent_path_equal failed
T11V2_FAM_ORDER_ORIENT_QCSF_UNAPPLY_seedFwd_childRemap,1672875493,168930443,same_shell_class; parent_path_equal failed
T11V2_FAM_ORDER_ORIENT_QCSF_UNAPPLY_seedInv_childRaw,1643789253,165876523,same_face; same_shell_class; parent_path_equal failed
T11V2_FAM_ORDER_ORIENT_QCSF_UNAPPLY_seedInv_childRaw,1672875493,168930443,same_shell_class; parent_path_equal failed
T11V2_FAM_ORDER_ORIENT_QCSF_UNAPPLY_seedInv_childRemap,1643789253,165876523,same_face; same_shell_class; parent_path_equal failed
T11V2_FAM_ORDER_ORIENT_QCSF_UNAPPLY_seedInv_childRemap,1672875493,168930443,same_shell_class; parent_path_equal failed
T11V2_FAM_NODE_FQCS_APPLY_seedFwd_spinInert,1643789253,165876523,same_face; same_shell_class; parent_path_equal failed
T11V2_FAM_NODE_FQCS_APPLY_seedFwd_spinInert,1672875493,168930443,same_face; same_shell_class; parent_path_equal failed
T11V2_FAM_NODE_FQCS_APPLY_seedFwd_spinAct,1643789253,165876523,same_face; same_shell_class; parent_path_equal failed
T11V2_FAM_NODE_FQCS_APPLY_seedFwd_spinAct,1672875493,168930443,same_face; same_shell_class; parent_path_equal failed
T11V2_FAM_NODE_FQCS_APPLY_seedInv_spinInert,1643789253,165876523,same_face; same_shell_class; parent_path_equal failed
T11V2_FAM_NODE_FQCS_APPLY_seedInv_spinInert,1672875493,168930443,same_face; same_shell_class; parent_path_equal failed
T11V2_FAM_NODE_FQCS_APPLY_seedInv_spinAct,1643789253,165876523,same_face; same_shell_class; parent_path_equal failed
T11V2_FAM_NODE_FQCS_APPLY_seedInv_spinAct,1672875493,168930443,same_face; same_shell_class; parent_path_equal failed
T11V2_FAM_NODE_FQCS_UNAPPLY_seedFwd_spinInert,1643789253,165876523,same_face; same_shell_class; parent_path_equal failed
T11V2_FAM_NODE_FQCS_UNAPPLY_seedFwd_spinInert,1672875493,168930443,same_face; same_shell_class; parent_path_equal failed
T11V2_FAM_NODE_FQCS_UNAPPLY_seedFwd_spinAct,1643789253,165876523,same_face; same_shell_class; parent_path_equal failed
T11V2_FAM_NODE_FQCS_UNAPPLY_seedFwd_spinAct,1672875493,168930443,same_face; same_shell_class; parent_path_equal failed
T11V2_FAM_NODE_FQCS_UNAPPLY_seedInv_spinInert,1643789253,165876523,same_face; same_shell_class; parent_path_equal failed
T11V2_FAM_NODE_FQCS_UNAPPLY_seedInv_spinInert,1672875493,168930443,same_face; same_shell_class; parent_path_equal failed
T11V2_FAM_NODE_FQCS_UNAPPLY_seedInv_spinAct,1643789253,165876523,same_face; same_shell_class; parent_path_equal failed
T11V2_FAM_NODE_FQCS_UNAPPLY_seedInv_spinAct,1672875493,168930443,same_face; same_shell_class; parent_path_equal failed
