crystal_id,description,mode,mode_hz,primary_lane,nearest_phi_key,nearest_phi_hz,phi_offset_percent,nearest_rgcs_key,nearest_rgcs_hz,rgcs_offset_percent
SALE_HIMALAYAN_12SIDED_125MM,"12-sided flawless Himalayan quartz, 125 mm",bend_mode_2,17367.72,phi-schumann,PHI_SCHUMANN_N16,17280.806452196834,0.5029484477104288,RGCS_1683456_DIV_100,16834.56,3.1670563412408748
SALE_CITRINE_24SIDED_71MM,"24-sided natural citrine Vogel, 71 mm",axial_f1,44442.34,phi-schumann,PHI_SCHUMANN_N18,45241.738644859804,-1.7669494338733436,RGCS_4096_X10,40960,8.501806640624991
SALE_RUTILATED_24SIDED_138MM,"24-sided Himalayan rutilated quartz Vogel, 138 mm",shear_f1,16974.13,phi-schumann,PHI_SCHUMANN_N16,17280.806452196834,-1.774665164181884,RGCS_1683456_DIV_100,16834.56,0.8290682975973218
SALE_SMOKY_24SIDED_62MM,"24-sided Himalayan smoky quartz Vogel, 62 mm",bend_mode_2,74517.89,phi-schumann,PHI_SCHUMANN_N19,73202.67083752276,1.796681934456241,RGCS_4096_X10,40960,81.9284423828125
SALE_RUTILATED_24SIDED_138MM,"24-sided Himalayan rutilated quartz Vogel, 138 mm",bend_mode_1,6461.98,phi-schumann,PHI_SCHUMANN_N14,6600.680711730705,-2.101309210188085,RGCS_4096,4096,57.763183593749986
SALE_HIMALAYAN_8SIDED_157MM,"8-sided flawless Himalayan quartz, 157 mm",axial_f1,20098.13,rgcs-4096,PHI_SCHUMANN_N16,17280.806452196834,16.303194851447536,RGCS_4096_X5,20480,-1.864599609374995
SALE_HIMALAYAN_8SIDED_157MM,"8-sided flawless Himalayan quartz, 157 mm",quarter_f1,10049.06,rgcs-4096,PHI_SCHUMANN_N15,10680.125740466128,-5.908785681006282,RGCS_1683456_DIV_100,16834.56,-40.30696376976887
SALE_HIMALAYAN_8SIDED_157MM,"8-sided flawless Himalayan quartz, 157 mm",shear_f1,14919.93,rgcs-4096,PHI_SCHUMANN_N16,17280.806452196834,-13.661841874843205,RGCS_1683456_DIV_100,16834.56,-11.373210823448911
SALE_HIMALAYAN_8SIDED_157MM,"8-sided flawless Himalayan quartz, 157 mm",bend_mode_1,5769.2,rgcs-4096,PHI_SCHUMANN_N14,6600.680711730705,-12.59689338181441,RGCS_4096,4096,40.84960937499999
