run_id,outer_diameter_mm,period_mm,groove_depth_mm,h_over_d,sspp_status,mask,carrier_hz,changed_variable,claim_status
RUN_V6_SEED_00001,188,15.962686996618409,8,0.5011687569702236,WELL_FORMED_CANDIDATE,ALL_37,4096,seed_grid,SIMULATION_ESTIMATE
RUN_V6_SEED_00002,188,15.962686996618409,8,0.5011687569702236,WELL_FORMED_CANDIDATE,ALL_37,20480,seed_grid,SIMULATION_ESTIMATE
RUN_V6_SEED_00003,188,15.962686996618409,8,0.5011687569702236,WELL_FORMED_CANDIDATE,ALL_37,1683456,seed_grid,SIMULATION_ESTIMATE
RUN_V6_SEED_00004,188,15.962686996618409,8,0.5011687569702236,WELL_FORMED_CANDIDATE,RUN_35_OF_37,4096,seed_grid,SIMULATION_ESTIMATE
RUN_V6_SEED_00005,188,15.962686996618409,8,0.5011687569702236,WELL_FORMED_CANDIDATE,RUN_35_OF_37,20480,seed_grid,SIMULATION_ESTIMATE
RUN_V6_SEED_00006,188,15.962686996618409,8,0.5011687569702236,WELL_FORMED_CANDIDATE,RUN_35_OF_37,1683456,seed_grid,SIMULATION_ESTIMATE
RUN_V6_SEED_00007,188,15.962686996618409,8,0.5011687569702236,WELL_FORMED_CANDIDATE,STEER_33_ACTIVE,4096,seed_grid,SIMULATION_ESTIMATE
RUN_V6_SEED_00008,188,15.962686996618409,8,0.5011687569702236,WELL_FORMED_CANDIDATE,STEER_33_ACTIVE,20480,seed_grid,SIMULATION_ESTIMATE
RUN_V6_SEED_00009,188,15.962686996618409,8,0.5011687569702236,WELL_FORMED_CANDIDATE,STEER_33_ACTIVE,1683456,seed_grid,SIMULATION_ESTIMATE
RUN_V6_SEED_00010,188,15.962686996618409,12,0.7517531354553354,WELL_FORMED_CANDIDATE,ALL_37,4096,seed_grid,SIMULATION_ESTIMATE
RUN_V6_SEED_00011,188,15.962686996618409,12,0.7517531354553354,WELL_FORMED_CANDIDATE,ALL_37,20480,seed_grid,SIMULATION_ESTIMATE
RUN_V6_SEED_00012,188,15.962686996618409,12,0.7517531354553354,WELL_FORMED_CANDIDATE,ALL_37,1683456,seed_grid,SIMULATION_ESTIMATE
RUN_V6_SEED_00013,188,15.962686996618409,12,0.7517531354553354,WELL_FORMED_CANDIDATE,RUN_35_OF_37,4096,seed_grid,SIMULATION_ESTIMATE
RUN_V6_SEED_00014,188,15.962686996618409,12,0.7517531354553354,WELL_FORMED_CANDIDATE,RUN_35_OF_37,20480,seed_grid,SIMULATION_ESTIMATE
RUN_V6_SEED_00015,188,15.962686996618409,12,0.7517531354553354,WELL_FORMED_CANDIDATE,RUN_35_OF_37,1683456,seed_grid,SIMULATION_ESTIMATE
RUN_V6_SEED_00016,188,15.962686996618409,12,0.7517531354553354,WELL_FORMED_CANDIDATE,STEER_33_ACTIVE,4096,seed_grid,SIMULATION_ESTIMATE
RUN_V6_SEED_00017,188,15.962686996618409,12,0.7517531354553354,WELL_FORMED_CANDIDATE,STEER_33_ACTIVE,20480,seed_grid,SIMULATION_ESTIMATE
RUN_V6_SEED_00018,188,15.962686996618409,12,0.7517531354553354,WELL_FORMED_CANDIDATE,STEER_33_ACTIVE,1683456,seed_grid,SIMULATION_ESTIMATE
RUN_V6_SEED_00019,188,15.962686996618409,14,0.8770453246978913,WELL_FORMED_CANDIDATE,ALL_37,4096,seed_grid,SIMULATION_ESTIMATE
RUN_V6_SEED_00020,188,15.962686996618409,14,0.8770453246978913,WELL_FORMED_CANDIDATE,ALL_37,20480,seed_grid,SIMULATION_ESTIMATE
RUN_V6_SEED_00021,188,15.962686996618409,14,0.8770453246978913,WELL_FORMED_CANDIDATE,ALL_37,1683456,seed_grid,SIMULATION_ESTIMATE
RUN_V6_SEED_00022,188,15.962686996618409,14,0.8770453246978913,WELL_FORMED_CANDIDATE,RUN_35_OF_37,4096,seed_grid,SIMULATION_ESTIMATE
RUN_V6_SEED_00023,188,15.962686996618409,14,0.8770453246978913,WELL_FORMED_CANDIDATE,RUN_35_OF_37,20480,seed_grid,SIMULATION_ESTIMATE
RUN_V6_SEED_00024,188,15.962686996618409,14,0.8770453246978913,WELL_FORMED_CANDIDATE,RUN_35_OF_37,1683456,seed_grid,SIMULATION_ESTIMATE
RUN_V6_SEED_00025,188,15.962686996618409,14,0.8770453246978913,WELL_FORMED_CANDIDATE,STEER_33_ACTIVE,4096,seed_grid,SIMULATION_ESTIMATE
RUN_V6_SEED_00026,188,15.962686996618409,14,0.8770453246978913,WELL_FORMED_CANDIDATE,STEER_33_ACTIVE,20480,seed_grid,SIMULATION_ESTIMATE
RUN_V6_SEED_00027,188,15.962686996618409,14,0.8770453246978913,WELL_FORMED_CANDIDATE,STEER_33_ACTIVE,1683456,seed_grid,SIMULATION_ESTIMATE
RUN_V6_SEED_00028,188,15.962686996618409,24,1.5035062709106708,WELL_FORMED_CANDIDATE,ALL_37,4096,seed_grid,SIMULATION_ESTIMATE
RUN_V6_SEED_00029,188,15.962686996618409,24,1.5035062709106708,WELL_FORMED_CANDIDATE,ALL_37,20480,seed_grid,SIMULATION_ESTIMATE
RUN_V6_SEED_00030,188,15.962686996618409,24,1.5035062709106708,WELL_FORMED_CANDIDATE,ALL_37,1683456,seed_grid,SIMULATION_ESTIMATE
RUN_V6_SEED_00031,188,15.962686996618409,24,1.5035062709106708,WELL_FORMED_CANDIDATE,RUN_35_OF_37,4096,seed_grid,SIMULATION_ESTIMATE
RUN_V6_SEED_00032,188,15.962686996618409,24,1.5035062709106708,WELL_FORMED_CANDIDATE,RUN_35_OF_37,20480,seed_grid,SIMULATION_ESTIMATE
RUN_V6_SEED_00033,188,15.962686996618409,24,1.5035062709106708,WELL_FORMED_CANDIDATE,RUN_35_OF_37,1683456,seed_grid,SIMULATION_ESTIMATE
RUN_V6_SEED_00034,188,15.962686996618409,24,1.5035062709106708,WELL_FORMED_CANDIDATE,STEER_33_ACTIVE,4096,seed_grid,SIMULATION_ESTIMATE
RUN_V6_SEED_00035,188,15.962686996618409,24,1.5035062709106708,WELL_FORMED_CANDIDATE,STEER_33_ACTIVE,20480,seed_grid,SIMULATION_ESTIMATE
RUN_V6_SEED_00036,188,15.962686996618409,24,1.5035062709106708,WELL_FORMED_CANDIDATE,STEER_33_ACTIVE,1683456,seed_grid,SIMULATION_ESTIMATE
RUN_V6_SEED_00037,188,15.962686996618409,48,3.0070125418213416,WELL_FORMED_CANDIDATE,ALL_37,4096,seed_grid,SIMULATION_ESTIMATE
RUN_V6_SEED_00038,188,15.962686996618409,48,3.0070125418213416,WELL_FORMED_CANDIDATE,ALL_37,20480,seed_grid,SIMULATION_ESTIMATE
RUN_V6_SEED_00039,188,15.962686996618409,48,3.0070125418213416,WELL_FORMED_CANDIDATE,ALL_37,1683456,seed_grid,SIMULATION_ESTIMATE
RUN_V6_SEED_00040,188,15.962686996618409,48,3.0070125418213416,WELL_FORMED_CANDIDATE,RUN_35_OF_37,4096,seed_grid,SIMULATION_ESTIMATE
RUN_V6_SEED_00041,188,15.962686996618409,48,3.0070125418213416,WELL_FORMED_CANDIDATE,RUN_35_OF_37,20480,seed_grid,SIMULATION_ESTIMATE
RUN_V6_SEED_00042,188,15.962686996618409,48,3.0070125418213416,WELL_FORMED_CANDIDATE,RUN_35_OF_37,1683456,seed_grid,SIMULATION_ESTIMATE
RUN_V6_SEED_00043,188,15.962686996618409,48,3.0070125418213416,WELL_FORMED_CANDIDATE,STEER_33_ACTIVE,4096,seed_grid,SIMULATION_ESTIMATE
RUN_V6_SEED_00044,188,15.962686996618409,48,3.0070125418213416,WELL_FORMED_CANDIDATE,STEER_33_ACTIVE,20480,seed_grid,SIMULATION_ESTIMATE
RUN_V6_SEED_00045,188,15.962686996618409,48,3.0070125418213416,WELL_FORMED_CANDIDATE,STEER_33_ACTIVE,1683456,seed_grid,SIMULATION_ESTIMATE
RUN_V6_SEED_00046,288,24.453477952266496,8,0.32715182746667376,WEAK_OR_UNFORMED_CANDIDATE,ALL_37,4096,seed_grid,SIMULATION_ESTIMATE
RUN_V6_SEED_00047,288,24.453477952266496,8,0.32715182746667376,WEAK_OR_UNFORMED_CANDIDATE,ALL_37,20480,seed_grid,SIMULATION_ESTIMATE
RUN_V6_SEED_00048,288,24.453477952266496,8,0.32715182746667376,WEAK_OR_UNFORMED_CANDIDATE,ALL_37,1683456,seed_grid,SIMULATION_ESTIMATE
RUN_V6_SEED_00049,288,24.453477952266496,8,0.32715182746667376,WEAK_OR_UNFORMED_CANDIDATE,RUN_35_OF_37,4096,seed_grid,SIMULATION_ESTIMATE
RUN_V6_SEED_00050,288,24.453477952266496,8,0.32715182746667376,WEAK_OR_UNFORMED_CANDIDATE,RUN_35_OF_37,20480,seed_grid,SIMULATION_ESTIMATE
RUN_V6_SEED_00051,288,24.453477952266496,8,0.32715182746667376,WEAK_OR_UNFORMED_CANDIDATE,RUN_35_OF_37,1683456,seed_grid,SIMULATION_ESTIMATE
RUN_V6_SEED_00052,288,24.453477952266496,8,0.32715182746667376,WEAK_OR_UNFORMED_CANDIDATE,STEER_33_ACTIVE,4096,seed_grid,SIMULATION_ESTIMATE
RUN_V6_SEED_00053,288,24.453477952266496,8,0.32715182746667376,WEAK_OR_UNFORMED_CANDIDATE,STEER_33_ACTIVE,20480,seed_grid,SIMULATION_ESTIMATE
RUN_V6_SEED_00054,288,24.453477952266496,8,0.32715182746667376,WEAK_OR_UNFORMED_CANDIDATE,STEER_33_ACTIVE,1683456,seed_grid,SIMULATION_ESTIMATE
RUN_V6_SEED_00055,288,24.453477952266496,12,0.49072774120001067,WEAK_OR_UNFORMED_CANDIDATE,ALL_37,4096,seed_grid,SIMULATION_ESTIMATE
RUN_V6_SEED_00056,288,24.453477952266496,12,0.49072774120001067,WEAK_OR_UNFORMED_CANDIDATE,ALL_37,20480,seed_grid,SIMULATION_ESTIMATE
RUN_V6_SEED_00057,288,24.453477952266496,12,0.49072774120001067,WEAK_OR_UNFORMED_CANDIDATE,ALL_37,1683456,seed_grid,SIMULATION_ESTIMATE
RUN_V6_SEED_00058,288,24.453477952266496,12,0.49072774120001067,WEAK_OR_UNFORMED_CANDIDATE,RUN_35_OF_37,4096,seed_grid,SIMULATION_ESTIMATE
RUN_V6_SEED_00059,288,24.453477952266496,12,0.49072774120001067,WEAK_OR_UNFORMED_CANDIDATE,RUN_35_OF_37,20480,seed_grid,SIMULATION_ESTIMATE
RUN_V6_SEED_00060,288,24.453477952266496,12,0.49072774120001067,WEAK_OR_UNFORMED_CANDIDATE,RUN_35_OF_37,1683456,seed_grid,SIMULATION_ESTIMATE
RUN_V6_SEED_00061,288,24.453477952266496,12,0.49072774120001067,WEAK_OR_UNFORMED_CANDIDATE,STEER_33_ACTIVE,4096,seed_grid,SIMULATION_ESTIMATE
RUN_V6_SEED_00062,288,24.453477952266496,12,0.49072774120001067,WEAK_OR_UNFORMED_CANDIDATE,STEER_33_ACTIVE,20480,seed_grid,SIMULATION_ESTIMATE
RUN_V6_SEED_00063,288,24.453477952266496,12,0.49072774120001067,WEAK_OR_UNFORMED_CANDIDATE,STEER_33_ACTIVE,1683456,seed_grid,SIMULATION_ESTIMATE
RUN_V6_SEED_00064,288,24.453477952266496,14,0.5725156980666791,WELL_FORMED_CANDIDATE,ALL_37,4096,seed_grid,SIMULATION_ESTIMATE
RUN_V6_SEED_00065,288,24.453477952266496,14,0.5725156980666791,WELL_FORMED_CANDIDATE,ALL_37,20480,seed_grid,SIMULATION_ESTIMATE
RUN_V6_SEED_00066,288,24.453477952266496,14,0.5725156980666791,WELL_FORMED_CANDIDATE,ALL_37,1683456,seed_grid,SIMULATION_ESTIMATE
RUN_V6_SEED_00067,288,24.453477952266496,14,0.5725156980666791,WELL_FORMED_CANDIDATE,RUN_35_OF_37,4096,seed_grid,SIMULATION_ESTIMATE
RUN_V6_SEED_00068,288,24.453477952266496,14,0.5725156980666791,WELL_FORMED_CANDIDATE,RUN_35_OF_37,20480,seed_grid,SIMULATION_ESTIMATE
RUN_V6_SEED_00069,288,24.453477952266496,14,0.5725156980666791,WELL_FORMED_CANDIDATE,RUN_35_OF_37,1683456,seed_grid,SIMULATION_ESTIMATE
RUN_V6_SEED_00070,288,24.453477952266496,14,0.5725156980666791,WELL_FORMED_CANDIDATE,STEER_33_ACTIVE,4096,seed_grid,SIMULATION_ESTIMATE
RUN_V6_SEED_00071,288,24.453477952266496,14,0.5725156980666791,WELL_FORMED_CANDIDATE,STEER_33_ACTIVE,20480,seed_grid,SIMULATION_ESTIMATE
RUN_V6_SEED_00072,288,24.453477952266496,14,0.5725156980666791,WELL_FORMED_CANDIDATE,STEER_33_ACTIVE,1683456,seed_grid,SIMULATION_ESTIMATE
RUN_V6_SEED_00073,288,24.453477952266496,24,0.9814554824000213,WELL_FORMED_CANDIDATE,ALL_37,4096,seed_grid,SIMULATION_ESTIMATE
RUN_V6_SEED_00074,288,24.453477952266496,24,0.9814554824000213,WELL_FORMED_CANDIDATE,ALL_37,20480,seed_grid,SIMULATION_ESTIMATE
RUN_V6_SEED_00075,288,24.453477952266496,24,0.9814554824000213,WELL_FORMED_CANDIDATE,ALL_37,1683456,seed_grid,SIMULATION_ESTIMATE
RUN_V6_SEED_00076,288,24.453477952266496,24,0.9814554824000213,WELL_FORMED_CANDIDATE,RUN_35_OF_37,4096,seed_grid,SIMULATION_ESTIMATE
RUN_V6_SEED_00077,288,24.453477952266496,24,0.9814554824000213,WELL_FORMED_CANDIDATE,RUN_35_OF_37,20480,seed_grid,SIMULATION_ESTIMATE
RUN_V6_SEED_00078,288,24.453477952266496,24,0.9814554824000213,WELL_FORMED_CANDIDATE,RUN_35_OF_37,1683456,seed_grid,SIMULATION_ESTIMATE
RUN_V6_SEED_00079,288,24.453477952266496,24,0.9814554824000213,WELL_FORMED_CANDIDATE,STEER_33_ACTIVE,4096,seed_grid,SIMULATION_ESTIMATE
RUN_V6_SEED_00080,288,24.453477952266496,24,0.9814554824000213,WELL_FORMED_CANDIDATE,STEER_33_ACTIVE,20480,seed_grid,SIMULATION_ESTIMATE
RUN_V6_SEED_00081,288,24.453477952266496,24,0.9814554824000213,WELL_FORMED_CANDIDATE,STEER_33_ACTIVE,1683456,seed_grid,SIMULATION_ESTIMATE
RUN_V6_SEED_00082,288,24.453477952266496,48,1.9629109648000427,WELL_FORMED_CANDIDATE,ALL_37,4096,seed_grid,SIMULATION_ESTIMATE
RUN_V6_SEED_00083,288,24.453477952266496,48,1.9629109648000427,WELL_FORMED_CANDIDATE,ALL_37,20480,seed_grid,SIMULATION_ESTIMATE
RUN_V6_SEED_00084,288,24.453477952266496,48,1.9629109648000427,WELL_FORMED_CANDIDATE,ALL_37,1683456,seed_grid,SIMULATION_ESTIMATE
RUN_V6_SEED_00085,288,24.453477952266496,48,1.9629109648000427,WELL_FORMED_CANDIDATE,RUN_35_OF_37,4096,seed_grid,SIMULATION_ESTIMATE
RUN_V6_SEED_00086,288,24.453477952266496,48,1.9629109648000427,WELL_FORMED_CANDIDATE,RUN_35_OF_37,20480,seed_grid,SIMULATION_ESTIMATE
RUN_V6_SEED_00087,288,24.453477952266496,48,1.9629109648000427,WELL_FORMED_CANDIDATE,RUN_35_OF_37,1683456,seed_grid,SIMULATION_ESTIMATE
RUN_V6_SEED_00088,288,24.453477952266496,48,1.9629109648000427,WELL_FORMED_CANDIDATE,STEER_33_ACTIVE,4096,seed_grid,SIMULATION_ESTIMATE
RUN_V6_SEED_00089,288,24.453477952266496,48,1.9629109648000427,WELL_FORMED_CANDIDATE,STEER_33_ACTIVE,20480,seed_grid,SIMULATION_ESTIMATE
RUN_V6_SEED_00090,288,24.453477952266496,48,1.9629109648000427,WELL_FORMED_CANDIDATE,STEER_33_ACTIVE,1683456,seed_grid,SIMULATION_ESTIMATE
RUN_V6_SEED_00091,377,32.010281902793295,8,0.2499196984360797,WEAK_OR_UNFORMED_CANDIDATE,ALL_37,4096,seed_grid,SIMULATION_ESTIMATE
RUN_V6_SEED_00092,377,32.010281902793295,8,0.2499196984360797,WEAK_OR_UNFORMED_CANDIDATE,ALL_37,20480,seed_grid,SIMULATION_ESTIMATE
RUN_V6_SEED_00093,377,32.010281902793295,8,0.2499196984360797,WEAK_OR_UNFORMED_CANDIDATE,ALL_37,1683456,seed_grid,SIMULATION_ESTIMATE
RUN_V6_SEED_00094,377,32.010281902793295,8,0.2499196984360797,WEAK_OR_UNFORMED_CANDIDATE,RUN_35_OF_37,4096,seed_grid,SIMULATION_ESTIMATE
RUN_V6_SEED_00095,377,32.010281902793295,8,0.2499196984360797,WEAK_OR_UNFORMED_CANDIDATE,RUN_35_OF_37,20480,seed_grid,SIMULATION_ESTIMATE
RUN_V6_SEED_00096,377,32.010281902793295,8,0.2499196984360797,WEAK_OR_UNFORMED_CANDIDATE,RUN_35_OF_37,1683456,seed_grid,SIMULATION_ESTIMATE
RUN_V6_SEED_00097,377,32.010281902793295,8,0.2499196984360797,WEAK_OR_UNFORMED_CANDIDATE,STEER_33_ACTIVE,4096,seed_grid,SIMULATION_ESTIMATE
RUN_V6_SEED_00098,377,32.010281902793295,8,0.2499196984360797,WEAK_OR_UNFORMED_CANDIDATE,STEER_33_ACTIVE,20480,seed_grid,SIMULATION_ESTIMATE
RUN_V6_SEED_00099,377,32.010281902793295,8,0.2499196984360797,WEAK_OR_UNFORMED_CANDIDATE,STEER_33_ACTIVE,1683456,seed_grid,SIMULATION_ESTIMATE
RUN_V6_SEED_00100,377,32.010281902793295,12,0.37487954765411957,WEAK_OR_UNFORMED_CANDIDATE,ALL_37,4096,seed_grid,SIMULATION_ESTIMATE
RUN_V6_SEED_00101,377,32.010281902793295,12,0.37487954765411957,WEAK_OR_UNFORMED_CANDIDATE,ALL_37,20480,seed_grid,SIMULATION_ESTIMATE
RUN_V6_SEED_00102,377,32.010281902793295,12,0.37487954765411957,WEAK_OR_UNFORMED_CANDIDATE,ALL_37,1683456,seed_grid,SIMULATION_ESTIMATE
RUN_V6_SEED_00103,377,32.010281902793295,12,0.37487954765411957,WEAK_OR_UNFORMED_CANDIDATE,RUN_35_OF_37,4096,seed_grid,SIMULATION_ESTIMATE
RUN_V6_SEED_00104,377,32.010281902793295,12,0.37487954765411957,WEAK_OR_UNFORMED_CANDIDATE,RUN_35_OF_37,20480,seed_grid,SIMULATION_ESTIMATE
RUN_V6_SEED_00105,377,32.010281902793295,12,0.37487954765411957,WEAK_OR_UNFORMED_CANDIDATE,RUN_35_OF_37,1683456,seed_grid,SIMULATION_ESTIMATE
RUN_V6_SEED_00106,377,32.010281902793295,12,0.37487954765411957,WEAK_OR_UNFORMED_CANDIDATE,STEER_33_ACTIVE,4096,seed_grid,SIMULATION_ESTIMATE
RUN_V6_SEED_00107,377,32.010281902793295,12,0.37487954765411957,WEAK_OR_UNFORMED_CANDIDATE,STEER_33_ACTIVE,20480,seed_grid,SIMULATION_ESTIMATE
RUN_V6_SEED_00108,377,32.010281902793295,12,0.37487954765411957,WEAK_OR_UNFORMED_CANDIDATE,STEER_33_ACTIVE,1683456,seed_grid,SIMULATION_ESTIMATE
RUN_V6_SEED_00109,377,32.010281902793295,14,0.4373594722631395,WEAK_OR_UNFORMED_CANDIDATE,ALL_37,4096,seed_grid,SIMULATION_ESTIMATE
RUN_V6_SEED_00110,377,32.010281902793295,14,0.4373594722631395,WEAK_OR_UNFORMED_CANDIDATE,ALL_37,20480,seed_grid,SIMULATION_ESTIMATE
RUN_V6_SEED_00111,377,32.010281902793295,14,0.4373594722631395,WEAK_OR_UNFORMED_CANDIDATE,ALL_37,1683456,seed_grid,SIMULATION_ESTIMATE
RUN_V6_SEED_00112,377,32.010281902793295,14,0.4373594722631395,WEAK_OR_UNFORMED_CANDIDATE,RUN_35_OF_37,4096,seed_grid,SIMULATION_ESTIMATE
RUN_V6_SEED_00113,377,32.010281902793295,14,0.4373594722631395,WEAK_OR_UNFORMED_CANDIDATE,RUN_35_OF_37,20480,seed_grid,SIMULATION_ESTIMATE
RUN_V6_SEED_00114,377,32.010281902793295,14,0.4373594722631395,WEAK_OR_UNFORMED_CANDIDATE,RUN_35_OF_37,1683456,seed_grid,SIMULATION_ESTIMATE
RUN_V6_SEED_00115,377,32.010281902793295,14,0.4373594722631395,WEAK_OR_UNFORMED_CANDIDATE,STEER_33_ACTIVE,4096,seed_grid,SIMULATION_ESTIMATE
RUN_V6_SEED_00116,377,32.010281902793295,14,0.4373594722631395,WEAK_OR_UNFORMED_CANDIDATE,STEER_33_ACTIVE,20480,seed_grid,SIMULATION_ESTIMATE
RUN_V6_SEED_00117,377,32.010281902793295,14,0.4373594722631395,WEAK_OR_UNFORMED_CANDIDATE,STEER_33_ACTIVE,1683456,seed_grid,SIMULATION_ESTIMATE
RUN_V6_SEED_00118,377,32.010281902793295,24,0.7497590953082391,WELL_FORMED_CANDIDATE,ALL_37,4096,seed_grid,SIMULATION_ESTIMATE
RUN_V6_SEED_00119,377,32.010281902793295,24,0.7497590953082391,WELL_FORMED_CANDIDATE,ALL_37,20480,seed_grid,SIMULATION_ESTIMATE
RUN_V6_SEED_00120,377,32.010281902793295,24,0.7497590953082391,WELL_FORMED_CANDIDATE,ALL_37,1683456,seed_grid,SIMULATION_ESTIMATE
RUN_V6_SEED_00121,377,32.010281902793295,24,0.7497590953082391,WELL_FORMED_CANDIDATE,RUN_35_OF_37,4096,seed_grid,SIMULATION_ESTIMATE
RUN_V6_SEED_00122,377,32.010281902793295,24,0.7497590953082391,WELL_FORMED_CANDIDATE,RUN_35_OF_37,20480,seed_grid,SIMULATION_ESTIMATE
RUN_V6_SEED_00123,377,32.010281902793295,24,0.7497590953082391,WELL_FORMED_CANDIDATE,RUN_35_OF_37,1683456,seed_grid,SIMULATION_ESTIMATE
RUN_V6_SEED_00124,377,32.010281902793295,24,0.7497590953082391,WELL_FORMED_CANDIDATE,STEER_33_ACTIVE,4096,seed_grid,SIMULATION_ESTIMATE
RUN_V6_SEED_00125,377,32.010281902793295,24,0.7497590953082391,WELL_FORMED_CANDIDATE,STEER_33_ACTIVE,20480,seed_grid,SIMULATION_ESTIMATE
RUN_V6_SEED_00126,377,32.010281902793295,24,0.7497590953082391,WELL_FORMED_CANDIDATE,STEER_33_ACTIVE,1683456,seed_grid,SIMULATION_ESTIMATE
RUN_V6_SEED_00127,377,32.010281902793295,48,1.4995181906164783,WELL_FORMED_CANDIDATE,ALL_37,4096,seed_grid,SIMULATION_ESTIMATE
RUN_V6_SEED_00128,377,32.010281902793295,48,1.4995181906164783,WELL_FORMED_CANDIDATE,ALL_37,20480,seed_grid,SIMULATION_ESTIMATE
RUN_V6_SEED_00129,377,32.010281902793295,48,1.4995181906164783,WELL_FORMED_CANDIDATE,ALL_37,1683456,seed_grid,SIMULATION_ESTIMATE
RUN_V6_SEED_00130,377,32.010281902793295,48,1.4995181906164783,WELL_FORMED_CANDIDATE,RUN_35_OF_37,4096,seed_grid,SIMULATION_ESTIMATE
RUN_V6_SEED_00131,377,32.010281902793295,48,1.4995181906164783,WELL_FORMED_CANDIDATE,RUN_35_OF_37,20480,seed_grid,SIMULATION_ESTIMATE
RUN_V6_SEED_00132,377,32.010281902793295,48,1.4995181906164783,WELL_FORMED_CANDIDATE,RUN_35_OF_37,1683456,seed_grid,SIMULATION_ESTIMATE
RUN_V6_SEED_00133,377,32.010281902793295,48,1.4995181906164783,WELL_FORMED_CANDIDATE,STEER_33_ACTIVE,4096,seed_grid,SIMULATION_ESTIMATE
RUN_V6_SEED_00134,377,32.010281902793295,48,1.4995181906164783,WELL_FORMED_CANDIDATE,STEER_33_ACTIVE,20480,seed_grid,SIMULATION_ESTIMATE
RUN_V6_SEED_00135,377,32.010281902793295,48,1.4995181906164783,WELL_FORMED_CANDIDATE,STEER_33_ACTIVE,1683456,seed_grid,SIMULATION_ESTIMATE
