t_s,I,Q
0,0.35787694,0.92871454
1e-05,-0.3880562,-0.461431544
2e-05,-0.508128922,-0.227115038
3e-05,0.182770792,-1.55943721
4e-05,-1.27558841,0.206340436
5e-05,0.07685424,0.265766263
6e-05,0.00358147492,-0.544836364
7e-05,0.465943185,-0.286459177
8e-05,-0.121843671,1.16270071
9e-05,-1.25377025,-0.935972614
0.0001,-0.188541361,-0.542551767
0.00011,0.633079674,0.816208521
0.00012,1.60857168,-0.429389447
0.00013,0.816071415,0.107245083
0.00014,-0.823835929,0.304107912
0.00015,-0.553355047,1.6353982
0.00016,0.927667599,-0.719344256
0.00017,-0.0396515519,0.825398835
0.00018,-0.0999669166,-0.912778939
0.00019,2.01483835,-0.350783726
0.0002,0.721690774,0.0899973272
0.00021,0.826699353,0.249023521
0.00022,1.08676627,-0.862782633
0.00023,0.302519239,0.822487126
0.00024,-0.300603781,-0.0281640893
0.00025,-0.0441390041,-0.299598092
0.00026,-0.481673884,-0.427295406
0.00027,0.929053876,-0.155753019
0.00028,0.288950822,0.69922462
0.00029,-0.653826385,-1.3052801
0.0003,0.231151517,0.420382567
0.00031,-0.386228192,-0.756653984
0.00032,-0.310852748,0.945046222
0.00033,-0.264088645,0.948842174
0.00034,-1.05378163,0.700816504
0.00035,-0.307896597,0.914616797
0.00036,1.07660082,-0.436895118
0.00037,-0.142875753,0.466263978
0.00038,0.825287805,-0.0724747049
0.00039,0.239140479,-1.4634646
0.0004,1.18469246,0.529050543
0.00041,0.300095279,-0.0274233129
0.00042,0.430328667,-0.109917976
0.00043,-0.14342363,0.511249873
0.00044,0.16307932,1.38536533
0.00045,0.0421490948,-0.597953348
0.00046,-0.565474963,-0.292568959
0.00047,0.316770256,-1.15848225
0.00048,-0.383492455,0.665568257
0.00049,0.329881874,0.981161068
0.0005,-0.629646326,0.52920581
0.00051,-0.238348227,-0.495041389
0.00052,-0.326953453,-0.0808214422
0.00053,0.476690531,-0.155819978
0.00054,-0.817002008,0.810715617
0.00055,0.626493116,-0.712421843
0.00056,0.0828185037,-0.756555361
0.00057,0.0151973512,1.09242719
0.00058,0.447861155,0.433767268
0.00059,0.696175555,0.235366831
0.0006,0.691343541,0.323592803
0.00061,-0.288295396,-0.217212353
0.00062,-0.19323078,0.956369546
0.00063,0.993868821,1.13296353
0.00064,-1.17121041,-0.0319106767
0.00065,0.79235203,-0.437291345
0.00066,0.830143642,-0.9180062
0.00067,0.634150279,-0.510617843
0.00068,0.761324708,-0.22002979
0.00069,-0.85860552,-0.0493563105
0.0007,0.599839855,0.697966738
0.00071,0.566772409,-0.0481037687
0.00072,0.285949184,0.461221747
0.00073,-0.828724059,-0.988737971
0.00074,0.777487962,0.352793623
0.00075,1.03291123,0.340300672
0.00076,-0.750203443,0.412515018
0.00077,-0.194174137,-0.167809306
0.00078,0.899347141,0.207259014
0.00079,-0.951010831,0.150689427
0.0008,-0.370292452,-1.36593771
0.00081,0.0802927269,-0.533435165
0.00082,-0.850252619,-0.358956105
0.00083,-0.900469346,0.263119927
0.00084,-1.77695216,-1.9846908
0.00085,0.417345802,-0.0300854424
0.00086,-1.15901752,0.0736369944
0.00087,-1.77526357,-0.181553719
0.00088,-0.598863064,-1.51310561
0.00089,2.09280278,0.820715068
0.0009,1.53397059,0.540813843
0.00091,0.60194692,0.361768333
0.00092,-0.127291385,1.06366223
0.00093,-0.695445695,0.927236712
0.00094,-0.436883807,-1.87501839
0.00095,-1.72574809,0.0711875803
0.00096,0.140464056,1.67925646
0.00097,0.74555729,0.994407079
0.00098,-0.541720414,0.410131483
0.00099,0.058701403,0.531795912
0.001,-1.01267337,0.828148717
0.00101,0.134119365,0.882585437
0.00102,-1.28660418,-0.234807693
0.00103,0.775158504,0.376026668
0.00104,-1.17422196,-0.0813702549
0.00105,0.179152744,-0.148721041
0.00106,-1.08358212,0.632345545
0.00107,-0.0281546839,-0.367274135
0.00108,0.689613359,-1.35612294
0.00109,0.300210774,0.27925106
0.0011,0.780667859,0.0256819578
0.00111,0.663785516,-0.684116932
0.00112,-0.507396262,0.275446412
0.00113,0.586545923,0.45399955
0.00114,0.383221481,0.270506894
0.00115,-1.04170037,-0.166114534
0.00116,0.68017108,0.397742525
0.00117,0.201239504,0.0145150475
0.00118,0.411265694,-0.990582805
0.00119,0.506605893,0.0972254907
0.0012,-0.191806727,1.14747609
0.00121,0.154293284,0.209321693
0.00122,-0.109249527,0.689019177
0.00123,0.00467444259,-0.13709743
0.00124,-0.554146236,0.0668658472
0.00125,0.284834962,-0.000803720477
0.00126,-0.721647402,0.0942489308
0.00127,0.262128327,1.2521834
0.00128,-0.17122194,0.512765947
0.00129,0.680691708,-0.762604256
0.0013,0.145970784,0.717898842
0.00131,-2.14077457,1.08152732
0.00132,0.384302911,0.475147322
0.00133,0.302341005,0.654853863
0.00134,-0.643282332,0.0234283226
0.00135,1.23001173,0.506804053
0.00136,0.451856859,0.779572956
0.00137,0.502738779,-0.0528527377
0.00138,-0.421937151,0.498805365
0.00139,0.335341394,-1.0455643
0.0014,0.073491353,-0.140710454
0.00141,-0.0735196464,0.934469202
0.00142,-0.39631164,0.331758133
0.00143,0.265385726,-1.17019606
0.00144,-1.17646203,0.729277734
0.00145,0.146709167,0.657433026
0.00146,0.754652831,1.44477784
0.00147,0.212510032,0.283319206
0.00148,-0.0669355239,-0.269294536
0.00149,-1.1986841,0.395278245
0.0015,-0.921843625,0.155742463
0.00151,1.00969544,-0.10833126
0.00152,-0.0153219364,0.247184438
0.00153,1.39096111,-1.62045504
0.00154,1.18524143,0.217034992
0.00155,-0.459156165,-0.247683002
0.00156,-0.234929715,0.312857375
0.00157,0.266501856,0.0171131172
0.00158,1.30455884,-0.0447737406
0.00159,0.804199768,0.227841979
0.0016,0.461833558,0.750263513
0.00161,0.0230543666,-0.0413236304
0.00162,-1.22126744,-0.860543641
0.00163,-0.654323868,0.996299352
0.00164,-0.785086275,-0.10585886
0.00165,0.0455846047,0.55435639
0.00166,1.16130738,-0.903443159
0.00167,-0.0928187198,-0.736822536
0.00168,0.185915524,1.06099563
0.00169,-0.0377561605,0.0958471797
0.0017,-0.263996364,-0.360634311
0.00171,-0.418808221,-0.52974926
0.00172,0.371519683,0.435453372
0.00173,0.25045251,0.355252169
0.00174,-0.790467088,0.596704887
0.00175,-0.841723828,-0.287267807
0.00176,0.913532961,-0.384176354
0.00177,-0.742056993,-0.135702971
0.00178,-0.252114421,-0.198084964
0.00179,0.552795218,-0.684489299
0.0018,0.186446463,1.91649482
0.00181,0.0624911149,-0.736589542
0.00182,0.828931697,-0.325128145
0.00183,-0.184764522,0.5372365
0.00184,0.617543189,-1.2734124
0.00185,0.582419885,0.722048658
0.00186,0.242171101,1.12369531
0.00187,-0.669059855,0.954494197
0.00188,0.291035465,0.511212472
0.00189,0.55825972,-0.534636449
0.0019,-0.377001505,-0.264319329
0.00191,0.585086483,0.554670569
0.00192,-0.632822225,-1.6417409
0.00193,-1.01086314,-0.187854228
0.00194,-0.0205626289,0.193871235
0.00195,-0.517981757,1.21311857
0.00196,-1.25821907,-0.591458522
0.00197,-1.84951071,-0.586425107
0.00198,-0.238859639,-0.759794662
0.00199,-0.223596016,0.017437263
0.002,-0.452639929,1.3178937
0.00201,0.139512067,-0.8799639
0.00202,-0.220247012,-0.616655278
0.00203,-0.437866109,-0.33502801
0.00204,1.27143817,-0.630697914
0.00205,-0.173930184,-0.382590215
0.00206,-0.0357072323,-0.411298996
0.00207,0.633737082,1.24012787
0.00208,-0.227551067,1.42621887
0.00209,-0.313392266,1.11019353
0.0021,-0.0037464723,-0.601979404
0.00211,-0.572748416,-1.30463414
0.00212,-0.0639824123,-0.803397099
0.00213,0.800312313,0.0910184796
0.00214,0.141245231,0.992318386
0.00215,0.046908954,-0.139587321
0.00216,-0.73604746,1.28615889
0.00217,-0.869803639,0.670807478
0.00218,-0.0192563199,-0.660889012
0.00219,-0.26439275,0.330755416
0.0022,-0.0154079592,1.09508766
0.00221,-0.312864445,0.800181757
0.00222,0.783522482,1.04115737
0.00223,-0.116368542,-0.151842038
0.00224,0.422707247,-0.964383641
0.00225,-1.90177635,0.131250869
0.00226,-0.277684619,1.37590626
0.00227,0.475355262,-0.385827899
0.00228,0.66912782,-1.28315711
0.00229,0.525017125,0.515273123
0.0023,1.58957967,-0.978775586
0.00231,-0.505783029,-0.628224574
0.00232,-0.233031733,-0.237312521
0.00233,0.302144551,-0.296002028
0.00234,0.259478592,-0.0290768018
0.00235,-0.256110981,1.18628564
0.00236,0.949437094,1.102082
0.00237,0.593165575,-0.188054331
0.00238,0.975400231,0.488836415
0.00239,-1.42636096,0.265691043
0.0024,-0.230037447,-1.36131573
0.00241,0.37440574,-0.574741089
0.00242,-0.540963103,0.259934318
0.00243,0.74429896,0.506252793
0.00244,0.107060974,1.2619889
0.00245,-0.57491365,0.868794428
0.00246,0.126207687,0.379806021
0.00247,0.119181303,-0.381906943
0.00248,1.43055794,0.40304489
0.00249,-0.465367209,0.0263150539
0.0025,-0.240770117,-0.697362888
0.00251,0.611805194,-0.730967257
0.00252,0.811724995,0.626402269
0.00253,-1.68506567,0.817327393
0.00254,-0.00792153369,-0.650084416
0.00255,-0.0491693469,0.39104013
0.00256,-1.27727068,0.241210402
0.00257,-0.0105723047,-0.195224768
0.00258,-0.118593156,1.18067052
0.00259,-0.342356256,0.32139581
0.0026,-0.605972662,1.23007692
0.00261,0.869920545,0.499402219
0.00262,0.0934190154,-1.74539292
0.00263,-0.196110984,0.0878638346
0.00264,-0.0399722222,-0.0904405128
0.00265,-0.367342194,-1.44294381
0.00266,-0.146528411,-0.419905119
0.00267,-0.995651181,0.731154428
0.00268,0.164092204,0.641309291
0.00269,-0.367649065,-0.240699691
0.0027,-0.201146846,0.106980931
0.00271,0.204759322,0.369934096
0.00272,0.0341830532,0.414585788
0.00273,1.79821022,1.32221332
0.00274,-0.835883218,-0.360026027
0.00275,1.29472833,0.185788796
0.00276,0.342950789,-1.04951508
0.00277,-0.57901774,0.521398449
0.00278,0.534064182,0.0419814996
0.00279,0.21409025,0.353580609
0.0028,0.0185964115,-0.945785319
0.00281,0.433098784,-0.385479799
0.00282,-0.194050278,0.118727899
0.00283,-0.0340291435,0.203331811
0.00284,0.582205819,-0.651163524
0.00285,0.698670479,-0.227213816
0.00286,0.020758083,0.392927462
0.00287,0.301309021,0.799032184
0.00288,0.0356629171,-0.0829750376
0.00289,0.273007713,1.17380623
0.0029,0.292721837,-0.963636838
0.00291,0.669110142,0.122450261
0.00292,-0.0671134678,0.215598278
0.00293,-0.601934677,0.271961682
0.00294,-0.353268742,-0.403165212
0.00295,0.166025483,-0.768710906
0.00296,0.539183622,-0.17477764
0.00297,-0.138578232,1.04663488
0.00298,-1.21794162,-0.422515433
0.00299,1.66157496,-0.505084975
0.003,-0.117719452,1.05623034
0.00301,0.488018974,0.62428446
0.00302,-0.0493883884,-0.969743924
0.00303,1.02080226,0.649244017
0.00304,0.472453911,-0.246542789
0.00305,-0.463946077,0.693204114
0.00306,-0.51940319,1.21871839
0.00307,-0.057466324,1.02725029
0.00308,0.930959653,0.401341873
0.00309,0.367453683,-0.0240919434
0.0031,1.06126453,-0.175341229
0.00311,0.0451075889,-0.369882388
0.00312,0.358427583,-0.0434735127
0.00313,0.804764581,-0.81665725
0.00314,0.256808704,0.272908321
0.00315,-2.20555826,0.0596090001
0.00316,0.326796537,0.255041351
0.00317,-0.342044532,-0.321883539
0.00318,0.0331727675,-0.980722817
0.00319,0.663632741,0.259131193
0.0032,0.578386216,0.453955638
0.00321,0.701958367,-0.729141137
0.00322,-1.3236204,0.312321045
0.00323,0.149866847,0.536725538
0.00324,1.12994746,0.736419498
0.00325,1.05069455,0.466552068
0.00326,0.69781009,-0.224059913
0.00327,-2.13257231,0.548684442
0.00328,-0.646061274,0.651347707
0.00329,-0.154482411,0.882593525
0.0033,0.196069496,-0.880723927
0.00331,-0.950757192,-1.58044701
0.00332,-1.09819638,-0.0728928283
0.00333,0.96429838,-0.137337117
0.00334,-0.599327922,-0.468740983
0.00335,1.27516798,0.104541129
0.00336,-1.76430274,0.642531023
0.00337,-0.357011524,-1.07158875
0.00338,0.0680751498,-1.21427841
0.00339,0.15650141,0.636251899
0.0034,0.159367322,-0.179563071
0.00341,-1.47135331,0.118884195
0.00342,1.29133983,0.516746452
0.00343,1.21249664,0.314112376
0.00344,1.11276605,-0.0455950837
0.00345,0.370192785,0.140050009
0.00346,0.58337957,0.776469515
0.00347,-2.04917858,-0.517929331
0.00348,-0.330998875,-0.411370745
0.00349,-0.279885945,1.58771506
0.0035,-0.2630014,0.926424989
0.00351,0.03110121,1.59321353
0.00352,-0.337976925,-0.952252112
0.00353,0.435304236,0.231703533
0.00354,-0.510490693,-0.00330701004
0.00355,-0.623161327,1.47187391
0.00356,0.833202873,0.219749585
0.00357,0.352396594,0.010574662
0.00358,-0.265962522,0.857592034
0.00359,0.0542553256,-1.63048645
0.0036,0.466873524,0.652885556
0.00361,1.20237462,0.413795359
0.00362,1.01148045,-0.463551408
0.00363,-0.501431082,0.891652943
0.00364,0.285761956,1.78188318
0.00365,0.696258858,-0.0966723539
0.00366,-0.286582724,-1.0167626
0.00367,0.544810627,-0.34350865
0.00368,1.04478295,-0.0133423269
0.00369,0.423516359,-0.974904423
0.0037,0.188948194,0.554358989
0.00371,-0.166820923,-1.23192179
0.00372,0.831645222,1.00447247
0.00373,0.343083298,-1.28006009
0.00374,0.691991329,0.768858062
0.00375,-0.0878058608,-1.09806534
0.00376,-0.311009771,0.946920449
0.00377,-0.437883492,0.790503597
0.00378,-0.433124699,0.620348368
0.00379,0.674917106,0.139082873
0.0038,0.427821641,-0.292310226
0.00381,-0.531341935,0.00625998211
0.00382,-0.602937368,0.319136273
0.00383,1.18613489,0.227772133
0.00384,-0.64751821,-0.538597749
0.00385,-1.22961704,0.836144551
0.00386,0.811945329,-0.104080358
0.00387,1.28454813,-0.377972842
0.00388,1.16288534,-0.0882189903
0.00389,0.0769662945,0.412770862
0.0039,-0.572123964,0.0426662198
0.00391,-1.17541695,0.53351531
0.00392,0.586902598,0.587995495
0.00393,0.0234947637,-0.861815836
0.00394,-0.000733818014,-0.0597510404
0.00395,-0.400729445,-1.8116819
0.00396,-0.0345099267,0.180111589
0.00397,1.25851649,-0.325135181
0.00398,0.0383802033,0.83945263
0.00399,-0.962974951,0.298657575
0.004,-1.0585317,-0.000999560165
0.00401,-0.398405196,-0.0921147517
0.00402,0.511872999,-1.34691403
0.00403,0.613648191,1.20313121
0.00404,0.685850704,0.765924018
0.00405,0.329229136,1.6109308
0.00406,-0.481556015,-0.636614767
0.00407,0.678629727,0.715412842
0.00408,-0.769502324,0.379166636
0.00409,-1.96063943,-1.02419497
0.0041,0.123605715,0.074970876
0.00411,0.259274746,-0.0701974056
0.00412,-2.13555394,-1.4369637
0.00413,0.338431343,0.852039223
0.00414,-0.815880998,0.115449825
0.00415,1.68449948,-0.345184079
0.00416,-0.699358803,0.711325055
0.00417,0.213621123,-0.183147024
0.00418,-0.988721009,1.46744293
0.00419,-0.249557807,1.24437095
0.0042,0.465888493,-1.17820368
0.00421,0.61333412,-0.341009755
0.00422,-0.53284192,0.285679327
0.00423,0.809242052,-0.857641769
0.00424,-0.478181827,0.367476711
0.00425,0.695382844,0.830918594
0.00426,1.24341659,0.36856709
0.00427,1.185626,0.035759066
0.00428,-0.0316993191,1.00683244
0.00429,-0.164423025,-1.41146873
0.0043,-0.392038959,-0.00883104245
0.00431,-0.163800802,0.657058927
0.00432,0.966706773,-0.35964524
0.00433,0.602436924,-0.326931004
0.00434,0.195786127,-1.2649168
0.00435,-0.93771492,0.19613982
0.00436,-0.367071508,-0.957722519
0.00437,0.912003283,-0.536762122
0.00438,0.214241029,-0.558658122
0.00439,-1.71138122,0.258324221
0.0044,1.4361493,0.651489219
0.00441,0.657311874,1.60895705
0.00442,0.293531921,-0.233782261
0.00443,-0.315651749,-0.21143597
0.00444,0.840607901,-0.0120327372
0.00445,-0.989395171,0.994442935
0.00446,0.198124093,-0.0550283246
0.00447,-0.803939827,0.317483042
0.00448,0.396135352,-0.507007575
0.00449,-0.105183793,-0.781621635
0.0045,-0.210467139,-0.0685639406
0.00451,-0.233513738,-0.634940708
0.00452,1.44251085,-0.125452541
0.00453,-0.0121503125,-0.265389207
0.00454,-1.05065627,0.578539166
0.00455,-0.941527506,0.0398056793
0.00456,1.01343171,-0.219355074
0.00457,-0.24516487,1.46432257
0.00458,0.634917242,0.325233131
0.00459,-0.820854136,1.05330487
0.0046,-0.457856221,0.578283252
0.00461,0.298240233,0.638233496
0.00462,1.01000947,-0.598484466
0.00463,0.0596350751,0.194287079
0.00464,-0.851394641,-0.727822919
0.00465,-0.748356203,0.0566670638
0.00466,-0.787371407,0.638115504
0.00467,0.664888013,0.477253656
0.00468,0.118045348,0.52185041
0.00469,0.507149764,0.684348575
0.0047,0.431433217,-0.808600811
0.00471,-0.445326621,-0.186235529
0.00472,-0.0452738713,0.26333962
0.00473,-0.284033365,-0.167022894
0.00474,1.23309194,-0.596234708
0.00475,0.162193655,-0.768212515
0.00476,1.1608089,-1.57691978
0.00477,0.893471973,0.626258607
0.00478,-1.23272376,-0.179363312
0.00479,-0.266489726,0.112267886
0.0048,-1.01489396,-1.44432959
0.00481,0.719475305,0.577220216
0.00482,0.855134421,1.24374331
0.00483,1.22117504,-0.363472539
0.00484,-0.333142956,-1.93727781
0.00485,0.0790665056,-0.330519569
0.00486,-1.34364331,-1.65036309
0.00487,0.12424848,0.148915363
0.00488,0.464080389,0.484892825
0.00489,-0.01325928,-0.385956806
0.0049,1.07152693,-0.817291395
0.00491,0.310747557,-0.788248392
0.00492,-0.0319754853,0.149481639
0.00493,-0.818652196,1.03039723
0.00494,0.244021627,0.704061519
0.00495,-0.576671216,-0.195375203
0.00496,-0.693381296,-0.0680838579
0.00497,-0.182244467,-0.414715617
0.00498,0.8533495,0.122815253
0.00499,-0.0824778363,0.420380703
0.005,-1.09014733,0.82938589
0.00501,-0.797807756,-0.186990892
0.00502,0.236499077,-0.692860884
0.00503,0.055652727,0.577128532
0.00504,-0.33436934,1.26733235
0.00505,0.179234694,0.352498013
0.00506,0.748304952,0.26743207
0.00507,0.42726298,0.188355759
0.00508,0.82390136,0.22612637
0.00509,-1.0577879,-0.540844279
0.0051,-0.837624162,0.216971511
0.00511,0.20503376,-0.77960671
0.00512,-0.769026972,0.289441046
0.00513,-0.769650043,0.706999239
0.00514,-1.81095873,1.09084998
0.00515,-0.189047966,0.258267852
0.00516,-0.485605071,0.617811608
0.00517,0.168817745,-0.443851769
0.00518,-0.176196157,-0.486329845
0.00519,0.931733913,0.113502926
0.0052,-0.777269749,0.585545985
0.00521,-0.484499609,-0.130172244
0.00522,-1.19941276,-0.505521352
0.00523,-1.75771102,-0.0330347611
0.00524,-0.221022013,0.554191323
0.00525,-0.87835355,0.193884834
0.00526,-1.34180857,-0.636387289
0.00527,0.993021923,-0.518901244
0.00528,-0.276604294,0.170302019
0.00529,1.4163411,-0.706675894
0.0053,0.916085755,0.224648184
0.00531,-0.633984929,0.240414777
0.00532,-0.263563051,0.0964011043
0.00533,0.735562329,-0.295956223
0.00534,-0.320568334,0.174270598
0.00535,0.132429324,0.0105238311
0.00536,1.49325174,0.275528413
0.00537,0.794991639,0.300891862
0.00538,-0.740688504,-0.0725897344
0.00539,0.0360214673,0.109615866
0.0054,-0.722939181,0.533813023
0.00541,0.510109169,-1.57611799
0.00542,0.458313066,-0.0575778635
0.00543,0.786797601,-0.421999632
0.00544,-0.540258511,0.425497875
0.00545,0.126607768,-0.587882269
0.00546,-0.932670264,-0.267419666
0.00547,-1.2393187,-0.689115956
0.00548,-0.0747121042,-0.0431321985
0.00549,-0.378818763,0.140757449
0.0055,-0.933667932,-0.644146955
0.00551,-0.544990754,-0.967384784
0.00552,-0.305764617,1.19729228
0.00553,0.684067264,-0.277028659
0.00554,1.50231689,0.860344547
0.00555,0.937755909,1.42225083
0.00556,-0.579099201,0.223951781
0.00557,-1.58813711,-0.0738395585
0.00558,0.568642664,0.597426692
0.00559,-0.19711268,-0.146929631
0.0056,0.507632254,-0.406333256
0.00561,-0.333246,0.325352081
0.00562,-0.503048806,0.645723949
0.00563,0.740017792,-0.325646926
0.00564,-0.048474731,-0.034301879
0.00565,0.225521152,0.791496257
0.00566,-0.319752778,0.797401629
0.00567,0.215542139,-0.36758882
0.00568,1.4293176,-0.415832964
0.00569,1.56709028,0.486371884
0.0057,-0.811840487,-0.191122392
0.00571,-0.182722855,-0.923705955
0.00572,0.265553983,0.212111698
0.00573,-0.286698902,-0.146722775
0.00574,-0.520777064,0.317971325
0.00575,0.893413761,-0.34254665
0.00576,-0.870300753,0.452143801
0.00577,-0.127033757,0.0353888728
0.00578,1.40230732,-1.93349098
0.00579,-0.956913405,-0.687093901
0.0058,0.188809639,-1.78739398
0.00581,-0.373387515,0.598057973
0.00582,0.946908271,-0.404239532
0.00583,1.04324759,-0.126439476
0.00584,0.0844768188,-0.380976865
0.00585,0.367104434,0.304753448
0.00586,-0.947444366,0.684587211
0.00587,-1.04955745,1.13369248
0.00588,0.981572628,-0.840727756
0.00589,-0.785625148,-0.737369549
0.0059,-0.440555677,0.207530979
0.00591,-0.366038023,-1.0965273
0.00592,-0.585854008,-0.943760725
0.00593,0.193829792,-0.221273177
0.00594,0.413487267,-0.865756915
0.00595,-0.361214542,-0.548381082
0.00596,1.09722075,-0.637660963
0.00597,0.312347994,-1.56911527
0.00598,0.185833615,-0.231719818
0.00599,-0.978776753,0.57956019
0.006,-0.761223167,1.38863448
0.00601,-0.934789638,-0.25446007
0.00602,0.108779016,0.16549296
0.00603,-0.535716875,-0.0130874925
0.00604,-0.12674237,-0.224550947
0.00605,0.273682363,0.667574687
0.00606,0.734931696,1.57361081
0.00607,-0.0773197659,-0.876468347
0.00608,0.137879084,0.18578345
0.00609,1.19714164,-0.444575347
0.0061,0.326462355,-0.589247415
0.00611,-0.472694726,0.473609173
0.00612,-0.0188863624,-0.337953845
0.00613,-0.0359270137,-0.214421601
0.00614,-0.570786157,-1.35465692
0.00615,-0.221040224,-0.634709134
0.00616,0.674248186,0.464466361
0.00617,0.365543685,0.230499062
0.00618,0.113339689,-0.843814115
0.00619,0.313004415,0.499308869
0.0062,0.129931638,-0.768684725
0.00621,-0.000360870883,0.0508054988
0.00622,0.26556813,-0.404110189
0.00623,0.369284005,-0.31080338
0.00624,-1.18917769,-0.497742392
0.00625,-0.570150453,0.205038149
0.00626,0.146614355,0.640994972
0.00627,0.726635741,-1.15253128
0.00628,0.309240675,1.09464177
0.00629,0.736548143,-0.154382932
0.0063,1.64665492,-0.168195383
0.00631,-0.316161649,-0.54883114
0.00632,-0.784751075,-1.09270537
0.00633,-0.0263359196,0.313185158
0.00634,-1.08541505,0.299380738
0.00635,0.449065659,0.861574631
0.00636,-0.62504253,0.454466572
0.00637,-0.643962465,-0.5469038
0.00638,-0.608292088,1.23597427
0.00639,1.17238055,0.872790779
0.0064,-0.304927766,0.468460657
0.00641,1.15425788,-1.24250433
0.00642,-1.36748726,-0.15742943
0.00643,0.294439837,-0.865232221
0.00644,0.409739874,0.589682049
0.00645,-0.15411246,0.283805679
0.00646,0.486241491,-1.45061259
0.00647,1.43469489,-0.168819926
0.00648,-0.296316188,-1.6856085
0.00649,-1.87952683,0.212293643
0.0065,0.0563275812,-0.228066229
0.00651,-0.602114256,-0.158130911
0.00652,0.670111269,-0.665479082
0.00653,-0.539753009,-1.14306321
0.00654,0.74733864,-0.24713276
0.00655,0.440233887,1.0899612
0.00656,-0.0993498271,0.172346411
0.00657,-0.0467505195,-0.409427946
0.00658,0.348741644,0.172210056
0.00659,-0.184863959,0.856837837
0.0066,-1.22727183,-0.575786418
0.00661,-0.0396808996,-0.576170279
0.00662,-0.133066093,-1.13882843
0.00663,-1.4232191,-0.136323562
0.00664,1.62580473,-1.61135835
0.00665,-0.546507366,-1.00946309
0.00666,-1.30526427,-0.391665661
0.00667,-0.722986639,-1.22125865
0.00668,0.0731406228,0.40065526
0.00669,-0.350706705,0.0664700183
0.0067,-0.360593024,0.0880419567
0.00671,-0.194277668,-0.0163259234
0.00672,-0.47264511,0.351542202
0.00673,-0.518362418,-0.0428013597
0.00674,-0.150509387,0.321850003
0.00675,-1.1659802,0.133046244
0.00676,-0.371784078,-1.01986326
0.00677,0.0942748765,0.235889196
0.00678,-0.260920729,0.21137461
0.00679,0.0764506902,0.509313418
0.0068,-1.4936795,-0.648637834
0.00681,0.337522557,-1.3850003
0.00682,0.922661891,-0.716788855
0.00683,-0.383907589,-0.306929847
0.00684,-0.539236052,0.334999577
0.00685,-0.471526226,0.621831096
0.00686,-0.787752535,0.570743573
0.00687,-0.594129832,-0.171359601
0.00688,0.365360512,1.21440238
0.00689,-0.441808919,-0.709102377
0.0069,-0.621598102,-0.169620727
0.00691,0.052892177,-0.749968146
0.00692,0.302113651,0.311261485
0.00693,-1.05356689,0.380249591
0.00694,0.209324732,-0.262503162
0.00695,0.916493474,0.742632186
0.00696,0.921852193,0.615391825
0.00697,0.0494353416,-0.799278921
0.00698,-0.116281228,0.365597723
0.00699,0.668526951,-1.73093184
0.007,-0.158686429,-0.933450623
0.00701,0.0256624141,1.62417392
0.00702,0.575124807,-0.0937509689
0.00703,0.0227731647,0.55335696
0.00704,-0.081534051,-0.985345701
0.00705,-0.413216984,0.50541789
0.00706,-0.266138609,-0.119235097
0.00707,0.705851321,-0.671237842
0.00708,-0.0367626176,-0.92687285
0.00709,-0.782380137,-0.707453772
0.0071,0.786696813,0.13528322
0.00711,0.751867917,0.867699375
0.00712,1.07610394,1.29576764
0.00713,-0.199166829,-0.202968565
0.00714,0.320662058,0.0774193651
0.00715,0.492782158,0.342052147
0.00716,1.23571175,0.0694671586
0.00717,0.993225065,-0.757698356
0.00718,0.336683008,0.206323781
0.00719,0.849040545,1.10344455
0.0072,-1.92401159,-1.06071288
0.00721,0.986170363,0.139955792
0.00722,-0.487590427,-0.0165463364
0.00723,0.164354243,-0.136525764
0.00724,-0.481550082,-0.413923037
0.00725,0.189216112,0.184896456
0.00726,-1.21583378,0.0393772473
0.00727,0.189249662,0.567749532
0.00728,-0.110182012,0.0543941173
0.00729,0.26608748,0.0105299751
0.0073,-0.112756801,1.39860215
0.00731,0.4732011,1.02410282
0.00732,-0.158419236,0.271900989
0.00733,0.161717787,-0.567077784
0.00734,0.960518368,0.958638663
0.00735,-0.173333492,0.188683076
0.00736,0.94550419,-1.52665089
0.00737,-0.000929936411,1.65671615
0.00738,-0.394884629,0.0221165504
0.00739,-0.296023017,0.245970123
0.0074,1.09692942,-0.102053734
0.00741,-0.000402649232,-1.29547647
0.00742,0.973882683,-0.05283256
0.00743,0.237730495,-0.108720867
0.00744,0.0965394045,0.125001321
0.00745,0.137822266,0.556158391
0.00746,-0.680624066,0.143018744
0.00747,0.73442905,-0.699982203
0.00748,-0.828214428,-0.95911072
0.00749,1.28588504,0.288524275
0.0075,0.549256826,-0.61978338
0.00751,0.0185644552,-1.65887434
0.00752,0.0860098249,1.69392843
0.00753,0.673932157,-0.410851887
0.00754,-0.445766317,0.572103347
0.00755,0.319146236,-0.278064669
0.00756,-0.770268614,0.891505906
0.00757,0.0905480668,-0.798575987
0.00758,-0.0323206289,1.84222375
0.00759,0.485382985,1.1586876
0.0076,-0.646994575,0.316130855
0.00761,-0.718501651,0.375984594
0.00762,0.085156642,-0.0212150202
0.00763,-1.0424384,0.664958804
0.00764,-0.111328822,-0.905835084
0.00765,-0.480039506,-0.336992315
0.00766,0.0623559075,0.233177818
0.00767,0.346060688,-1.08628133
0.00768,1.4164251,1.06364844
0.00769,-0.38628979,0.174427689
0.0077,0.315097702,0.206837145
0.00771,0.120531807,1.25134327
0.00772,0.544837354,0.287155961
0.00773,0.357314065,0.0792789486
0.00774,1.52050034,0.0490063998
0.00775,-0.604459882,1.15368957
0.00776,0.768734748,-0.499889546
0.00777,-1.2925109,-0.461940713
0.00778,0.584728134,-0.223024873
0.00779,0.516034681,-0.0163088041
0.0078,-0.485089634,0.616750055
0.00781,-0.850311832,0.346618237
0.00782,-0.869663983,-0.3206574
0.00783,-0.377833331,0.314986564
0.00784,-0.524016982,0.545421911
0.00785,0.00422886758,0.167476179
0.00786,-0.94357632,-0.719449674
0.00787,0.974840694,0.0223341873
0.00788,-0.0950926575,0.327546092
0.00789,-0.421727703,-0.535637554
0.0079,0.732531322,0.0551749543
0.00791,-1.17992533,0.103824561
0.00792,0.707591725,-0.0637886623
0.00793,-0.544942696,0.0959901197
0.00794,-0.188030994,0.733874265
0.00795,-0.737786769,-1.27650001
0.00796,-0.138901404,1.21282231
0.00797,-0.99369557,0.69216501
0.00798,0.228222284,0.266597537
0.00799,1.16526409,0.12284554
0.008,0.508612218,-0.952010069
0.00801,0.649843038,-0.143422681
0.00802,-0.779654766,-0.42746838
0.00803,-1.22873622,0.48646817
0.00804,-0.56995159,0.854575061
0.00805,-0.478076797,-0.762822385
0.00806,-0.189117799,-1.0664935
0.00807,-0.867080915,-0.835708044
0.00808,-0.0626136228,1.45997722
0.00809,-0.840679204,-1.08003347
0.0081,-0.266808356,0.377704488
0.00811,-0.00832371754,1.01154702
0.00812,0.147714313,-0.808049329
0.00813,-0.482413704,0.421833438
0.00814,2.06528885,-0.250295427
0.00815,0.242498902,1.43043216
0.00816,-1.82655928,-0.729467884
0.00817,0.93889924,0.865824205
0.00818,-0.716873555,-0.771812035
0.00819,0.726891875,0.0392490832
0.0082,1.39056854,0.146077922
0.00821,0.0585708869,-1.08878952
0.00822,1.15698962,0.57031611
0.00823,-0.327214356,-0.00113203614
0.00824,0.204187316,-0.335192566
0.00825,0.13250693,0.0878540509
0.00826,-0.0281995991,0.10217539
0.00827,-1.52952233,0.820114032
0.00828,-0.277216553,-0.198613674
0.00829,-0.0117679711,0.940104314
0.0083,1.02920174,-0.367480724
0.00831,-0.00228405636,0.924817579
0.00832,-0.654059933,0.124923557
0.00833,-0.26576308,1.58101081
0.00834,-0.442513018,1.53270247
0.00835,-0.212791436,-0.834166324
0.00836,-1.09770831,-0.36816958
0.00837,-0.424564605,1.06507
0.00838,0.490496989,-0.269164766
0.00839,1.03135475,-0.378609721
0.0084,-1.99810739,-0.138143807
0.00841,0.624056941,0.187192473
0.00842,0.105328355,-0.141915064
0.00843,-0.529940129,-0.557077542
0.00844,0.597575723,0.954134191
0.00845,-0.90251109,0.0950852899
0.00846,0.415564553,1.02187934
0.00847,0.59368824,0.550824541
0.00848,1.45752033,-0.178431876
0.00849,-0.642581602,-0.195454805
0.0085,0.848178256,0.379675072
0.00851,0.2154377,0.312356651
0.00852,-0.795690835,-1.51173999
0.00853,0.207526785,0.108432728
0.00854,0.161466539,-0.814135136
0.00855,0.0548867681,-2.21391886
0.00856,0.27931943,0.59265554
0.00857,0.659064711,-0.544163296
0.00858,-0.759194497,-0.322889062
0.00859,-1.28706638,0.393077199
0.0086,-0.646152962,-0.188896178
0.00861,-0.438817281,-1.03587534
0.00862,-0.507192283,-1.21132931
0.00863,-0.967396667,-0.245206928
0.00864,-0.339735996,0.649101035
0.00865,-0.135341135,-1.13331948
0.00866,-0.0209981874,-1.32255331
0.00867,0.175733383,-1.022149
0.00868,-0.324107201,0.0432394392
0.00869,0.181939368,0.158354965
0.0087,0.0902781518,-0.183866431
0.00871,-1.2646711,-0.217659279
0.00872,0.0758151985,-0.372139185
0.00873,-0.111914846,0.256629709
0.00874,0.408169354,0.356212997
0.00875,-1.31902404,0.407511146
0.00876,0.838032329,0.463207503
0.00877,-0.696095232,1.23864696
0.00878,-1.32740192,0.589007414
0.00879,-0.0297302657,0.675642668
0.0088,0.336000197,-0.867686339
0.00881,-1.1111066,-0.518774957
0.00882,0.094053673,0.466698463
0.00883,-0.730297694,-0.433475707
0.00884,0.521430583,1.10072544
0.00885,0.550016257,-0.476502387
0.00886,-0.252257942,-0.893360771
0.00887,-0.150447852,0.0204861819
0.00888,-0.801564217,-1.16919784
0.00889,-0.329616618,-0.329978583
0.0089,0.0673444857,-0.474805587
0.00891,0.213921125,0.163376375
0.00892,-0.130335202,-0.00887785986
0.00893,0.257529861,0.087185709
0.00894,0.563532222,0.863360164
0.00895,0.284662475,0.47004608
0.00896,1.32586531,0.746330883
0.00897,-1.58720921,-0.428862052
0.00898,1.03443795,-0.28556268
0.00899,0.418766322,-0.805879729
0.009,-0.52462816,-1.13322375
0.00901,-0.515664648,0.339106806
0.00902,1.25346197,-0.707484332
0.00903,0.19524241,0.616253713
0.00904,0.163197441,-0.934894496
0.00905,0.546812757,0.0798556049
0.00906,-0.536207208,-0.100259574
0.00907,0.676923654,-0.493960723
0.00908,-0.514327198,0.461371199
0.00909,1.00619547,-0.013691436
0.0091,0.0433628208,-1.11289564
0.00911,0.0222670116,-0.294715815
0.00912,0.798423005,0.177002885
0.00913,-1.03346216,-0.860975238
0.00914,0.0173417161,-0.226050751
0.00915,0.347647956,0.540044717
0.00916,1.09990091,0.653612104
0.00917,-0.601416165,-0.524892847
0.00918,-0.387503013,0.412848206
0.00919,-0.243041399,0.480269862
0.0092,0.0105938672,-1.26846994
0.00921,-0.484776941,0.428881608
0.00922,-0.912297269,0.855989784
0.00923,2.44629509,-0.0926165343
0.00924,0.847169525,0.159843196
0.00925,0.213428688,1.25916815
0.00926,-0.305352397,0.290165529
0.00927,-1.24730722,0.0252459603
0.00928,0.726771332,0.619444532
0.00929,0.811694376,-0.771481651
0.0093,-0.475399495,-0.469893132
0.00931,-0.254875873,-0.00796579374
0.00932,-0.749588778,-1.38154143
0.00933,-1.08356203,-0.152517839
0.00934,0.332808164,0.317109288
0.00935,0.0951007187,0.0611014995
0.00936,0.373249376,-0.752816343
0.00937,-0.114155439,1.0406476
0.00938,1.53677748,-0.342847354
0.00939,0.22892103,-0.316864922
0.0094,-0.530278204,1.34849955
0.00941,1.06286179,0.634465478
0.00942,-0.45400002,0.0709753664
0.00943,0.57494494,0.317869497
0.00944,0.643774463,-0.707448066
0.00945,-1.26226693,-0.0798971671
0.00946,0.308413989,-0.190081014
0.00947,0.603193899,1.18271631
0.00948,-0.289178702,-1.01428629
0.00949,-0.0126087879,-0.323836876
0.0095,0.841937914,0.787868627
0.00951,0.424348346,-0.398352816
0.00952,-0.86987451,0.458378563
0.00953,0.320165306,0.107040895
0.00954,-0.96423101,0.0627640809
0.00955,-0.649370959,0.402438226
0.00956,-0.375161371,-0.428538979
0.00957,1.15550513,0.0759188754
0.00958,-1.36838568,-0.000837768579
0.00959,1.16569512,0.463630993
0.0096,0.591761038,0.130192487
0.00961,0.119253552,-1.06662662
0.00962,0.0193719919,-0.610691563
0.00963,-2.35138361,0.478050386
0.00964,0.0670278838,-1.26343989
0.00965,-0.831238895,-0.539706759
0.00966,-0.147274747,0.694460704
0.00967,-1.18044189,-0.0597054804
0.00968,0.799792717,-0.831423116
0.00969,-0.524971011,-0.518892903
0.0097,-1.45168373,0.132447361
0.00971,0.250441863,-0.675288104
0.00972,1.19386982,0.602412709
0.00973,-0.309803335,0.208083108
0.00974,0.695447099,-0.753443819
0.00975,-0.0694913719,-1.51811027
0.00976,-0.0859931415,0.065654934
0.00977,0.0212573246,-0.503149085
0.00978,-0.214913529,-1.11296773
0.00979,0.0112570647,-0.504318021
0.0098,-0.612125544,-0.566677401
0.00981,0.395315824,0.141914095
0.00982,-0.196975401,0.155563615
0.00983,0.500165548,0.472516756
0.00984,-1.2957545,0.993829196
0.00985,-0.504300063,0.0527200679
0.00986,-1.04693125,-0.123918207
0.00987,-0.743034598,0.709753417
0.00988,-0.299139337,-0.0168561175
0.00989,0.347940852,0.745289522
0.0099,-0.19967724,-1.44588494
0.00991,-0.533400303,-0.0085136108
0.00992,-0.0996509785,0.578237815
0.00993,-0.0808541457,0.735710795
0.00994,0.275886571,-0.676351763
0.00995,-0.352293292,1.31307913
0.00996,-0.13874869,0.145625582
0.00997,-0.859508406,-0.0317083774
0.00998,0.797335917,-0.700276458
0.00999,-0.54865422,0.54369371
0.01,-0.524180621,-0.178058949
0.01001,0.51248529,0.522387599
0.01002,-0.457049247,-0.138832175
0.01003,0.296842434,-0.552831259
0.01004,-0.493266784,0.802770371
0.01005,-0.470410309,-0.476753068
0.01006,0.0131342266,0.676098204
0.01007,0.524239336,-0.631058144
0.01008,-0.528566079,-0.90665398
0.01009,-0.295014833,0.605619295
0.0101,0.517200082,0.352377778
0.01011,-0.359464697,-0.947116694
0.01012,-0.315512117,-0.780331946
0.01013,0.375980635,1.11278934
0.01014,-0.715937749,0.559926762
0.01015,0.223376472,1.15660038
0.01016,0.167992581,0.909065169
0.01017,-0.0853536504,-0.134893186
0.01018,-0.0794913948,1.0386312
0.01019,-0.0355542111,0.2413649
0.0102,-0.597277856,0.0532673008
0.01021,0.501178053,-0.718073056
0.01022,0.356331849,0.206776614
0.01023,0.438979778,-0.352131958
0.01024,0.37954017,-0.660086345
0.01025,0.453926317,-1.6981239
0.01026,1.25237086,-0.257570661
0.01027,0.319822233,-0.639509827
0.01028,0.583019649,-0.0677887379
0.01029,0.151681525,-0.589569194
0.0103,-1.15191094,0.602877156
0.01031,-0.808430319,-0.207077622
0.01032,0.716945811,-0.579122037
0.01033,-0.572466144,1.20274211
0.01034,0.389046925,-0.39005956
0.01035,1.97218159,-0.095541589
0.01036,0.457803996,-0.287709583
0.01037,-0.6938023,-0.0826973859
0.01038,-0.280527168,-0.214154586
0.01039,0.200209569,-0.437401455
0.0104,-2.24841907,-0.469893824
0.01041,-0.0512787329,-0.160528092
0.01042,1.63038019,1.06968914
0.01043,0.367734482,-1.59251912
0.01044,-0.350175665,-0.175025671
0.01045,0.584965754,-0.457503369
0.01046,0.166824723,-0.667845928
0.01047,0.519431444,-0.393611723
0.01048,-0.528422117,0.622959372
0.01049,-1.06164358,-0.548866899
0.0105,0.329871444,-0.804170237
0.01051,0.761119929,-0.263060689
0.01052,0.13416615,-1.26219987
0.01053,1.21208979,-0.546688204
0.01054,0.736133444,0.133243766
0.01055,0.330433947,-0.325604863
0.01056,0.322057834,0.015396382
0.01057,0.236044125,0.760063212
0.01058,-0.540693547,-0.158490356
0.01059,0.155232833,-0.351626498
0.0106,1.30270783,0.457014818
0.01061,0.618786882,-1.00522634
0.01062,-0.427970559,-0.325721814
0.01063,-0.348391949,-0.0734884026
0.01064,-0.416939752,-0.804128721
0.01065,-0.3986271,-0.677640234
0.01066,-0.394103716,0.0559786331
0.01067,-0.106209986,-0.411365146
0.01068,0.194301398,-0.0218050343
0.01069,-1.12514253,-1.24581414
0.0107,0.181262515,0.466297469
0.01071,-1.05260783,-0.692387245
0.01072,0.700797747,-1.11003058
0.01073,1.56735765,-1.23270913
0.01074,-0.710470568,1.13883107
0.01075,-0.197285109,-0.214225683
0.01076,-1.0046473,-0.408633997
0.01077,-0.151318721,-0.028824728
0.01078,0.619976276,0.242087389
0.01079,0.335675618,1.10730253
0.0108,-1.0139143,-0.28308083
0.01081,0.599989294,0.920288737
0.01082,-0.474196049,0.456660793
0.01083,0.235101582,0.73070772
0.01084,-0.689436375,-0.439839122
0.01085,0.669259104,0.349675685
0.01086,-0.0603070415,-0.245968424
0.01087,-0.0271511456,-0.376757141
0.01088,0.113893123,-0.525748128
0.01089,0.285544776,-0.0816780013
0.0109,0.761576511,0.0283238735
0.01091,0.272119898,0.328379733
0.01092,-0.00833152658,0.508183824
0.01093,-0.0138206304,-0.229598363
0.01094,0.0615567876,-0.51634649
0.01095,-0.599434275,0.625874672
0.01096,0.614034975,1.22821129
0.01097,0.949611149,0.464489853
0.01098,1.19573272,-1.30890931
0.01099,-0.364794081,-0.808430536
0.011,0.858425668,0.184092467
0.01101,0.360919447,-1.24808667
0.01102,0.163492865,0.11013989
0.01103,0.052029739,0.684238206
0.01104,-0.45782811,0.501050995
0.01105,0.683816513,-0.835155999
0.01106,0.177763864,0.354885684
0.01107,-0.708184661,-0.77630665
0.01108,-1.08554194,0.0300598037
0.01109,1.01955601,-0.293780919
0.0111,-0.0963698609,-1.02510284
0.01111,0.596493048,-0.191132686
0.01112,0.105590349,-1.15416968
0.01113,-0.127141809,-0.866492651
0.01114,0.815761267,-0.612238436
0.01115,0.114733438,0.11489663
0.01116,-0.777638531,-0.816070687
0.01117,-0.596335852,-0.576404497
0.01118,0.523564588,0.412494603
0.01119,0.820854254,-0.785195918
0.0112,-0.173905305,-0.0351121424
0.01121,0.0635037412,-0.64964379
0.01122,-0.604028636,1.38430429
0.01123,0.586324707,0.531567001
0.01124,-0.571503503,0.622651955
0.01125,0.447978659,0.423525265
0.01126,1.59705925,-0.964089688
0.01127,0.679932504,-0.960516057
0.01128,-0.673344458,0.487175533
0.01129,-0.576069444,-0.257873141
0.0113,-0.0104501925,-0.057943757
0.01131,0.0532828905,0.416577112
0.01132,0.875325239,0.409065288
0.01133,-0.655130294,-0.476425852
0.01134,-0.216336529,0.178555535
0.01135,-1.1071267,0.0820923507
0.01136,0.455412775,-0.120984282
0.01137,0.016183755,-0.232045052
0.01138,1.46086989,-0.0477351522
0.01139,1.33989186,0.261583155
0.0114,-0.319197139,0.138383755
0.01141,-0.843742045,0.796879239
0.01142,-0.0882864883,0.710025103
0.01143,0.845625717,0.181514146
0.01144,0.423417927,-0.927116948
0.01145,-0.347067233,-0.663396665
0.01146,0.606804865,-1.11500853
0.01147,0.434199726,0.212206565
0.01148,0.00306926499,0.0619844619
0.01149,0.564174416,1.20338461
0.0115,0.0939885453,-0.427060938
0.01151,0.320039374,-0.313016342
0.01152,0.156483978,-0.0356000158
0.01153,-0.385081602,-0.348200449
0.01154,1.6558583,-0.0258940526
0.01155,-0.17864114,-1.70922733
0.01156,0.859447922,-0.203591677
0.01157,0.633440949,1.97724723
0.01158,0.382635419,0.220904578
0.01159,-0.455702287,-0.122536007
0.0116,0.739977811,-0.421726151
0.01161,-0.211203567,1.00523585
0.01162,0.103265802,0.93037806
0.01163,-0.855977413,-0.221751877
0.01164,0.807166534,1.57520762
0.01165,-0.961868956,0.318900417
0.01166,-0.0994877995,0.168987359
0.01167,0.29303255,0.062826118
0.01168,-0.458371525,-0.529708424
0.01169,-0.172147235,0.674149056
0.0117,0.11991322,0.3103301
0.01171,-0.00422167899,-0.317760277
0.01172,0.216745145,-1.46952928
0.01173,-0.778314085,0.205672883
0.01174,0.47388741,0.236326433
0.01175,1.5766137,-0.687492911
0.01176,-0.759883662,0.523100994
0.01177,0.555205647,-0.22766007
0.01178,0.407285602,0.611119886
0.01179,0.579243764,-0.689747773
0.0118,1.26770441,-0.368666674
0.01181,-1.49825866,0.493630142
0.01182,-0.959218686,-0.330049561
0.01183,0.817230694,-0.00985088339
0.01184,-1.00600557,-0.598601762
0.01185,0.541461893,1.62165877
0.01186,-0.0415282212,-0.661192593
0.01187,-0.15240509,0.254859762
0.01188,-1.85495359,-0.325123902
0.01189,-0.434596756,0.379356609
0.0119,0.672950026,-0.671728196
0.01191,-0.854773216,0.455430043
0.01192,-0.717902716,-0.297412313
0.01193,0.903090092,0.0660922003
0.01194,-0.19447319,-0.531522249
0.01195,0.619231267,-0.317819551
0.01196,-0.0318699789,1.32550489
0.01197,1.46053287,-0.754024044
0.01198,0.0300226429,-0.130614275
0.01199,-0.205550297,0.383330855
0.012,0.928742806,-1.73181184
0.01201,-0.846459294,-0.452280092
0.01202,0.161017312,0.496996349
0.01203,0.0232578134,-0.732389229
0.01204,0.248693749,0.295942432
0.01205,0.709305849,1.01487971
0.01206,-0.146245554,-0.388291785
0.01207,-1.34063607,0.423156421
0.01208,0.557599029,0.749997946
0.01209,0.824763554,-0.154514459
0.0121,0.143970626,-0.418928041
0.01211,-0.416054533,0.506595401
0.01212,0.293015632,-0.325772864
0.01213,0.185876601,-1.11866855
0.01214,-0.14310412,0.264801574
0.01215,-0.325348394,0.266771795
0.01216,0.104788429,0.328708832
0.01217,-0.998863884,-0.315058382
0.01218,-0.00248007584,0.527646652
0.01219,-1.1351147,0.639526227
0.0122,-0.184826468,0.55778452
0.01221,0.305035708,0.0908633305
0.01222,0.670583086,0.233945339
0.01223,-0.707579844,-1.03540615
0.01224,-0.376473921,-0.956346899
0.01225,0.139364072,-0.399283269
0.01226,1.10963916,-0.714415711
0.01227,-0.192326283,-0.77372704
0.01228,-1.41487935,-0.791090218
0.01229,0.179783345,-0.168682673
0.0123,-1.4568132,0.064704804
0.01231,-0.400624615,0.577060102
0.01232,-0.831018069,-0.377137746
0.01233,-0.363445057,0.0223121127
0.01234,-0.558208571,0.462118854
0.01235,1.20973395,0.235459085
0.01236,-0.545457201,0.766493692
0.01237,0.896612521,-0.179356469
0.01238,0.965533754,-0.39079874
0.01239,0.505115361,0.130666387
0.0124,-0.68836474,-0.700982404
0.01241,0.446528048,-0.658106548
0.01242,0.722066044,0.422176218
0.01243,-0.912904757,1.01986267
0.01244,0.548648907,0.374469567
0.01245,0.071254097,1.22505965
0.01246,-0.478620757,-0.0388521123
0.01247,1.43547512,1.07344347
0.01248,-0.485343234,1.45368085
0.01249,0.63033706,-0.9601653
0.0125,-0.890798276,1.07757774
0.01251,-0.016795807,0.0142156514
0.01252,-0.518307792,0.156451796
0.01253,-0.656088303,-0.4227614
0.01254,0.123631269,1.68552696
0.01255,-0.403192541,0.477057214
0.01256,0.887929905,-0.208293267
0.01257,-0.554303494,0.409899445
0.01258,0.748614283,1.03584964
0.01259,-0.568986612,1.54258599
0.0126,-0.218531142,-1.02450113
0.01261,-0.096724276,0.0137040147
0.01262,0.251771295,0.745462169
0.01263,0.441624037,-0.695216565
0.01264,0.499016214,-1.15765072
0.01265,-0.76061396,0.150638002
0.01266,0.424217575,-0.59282928
0.01267,1.06773851,0.631955999
0.01268,1.06525451,-1.89215416
0.01269,-0.917524254,0.250361972
0.0127,-1.22144101,0.621176247
0.01271,-1.19427397,-0.0778090294
0.01272,0.011656736,0.106452837
0.01273,-0.803398751,-0.822681402
0.01274,-0.0442914351,0.264933819
0.01275,-0.55796862,-0.660634949
0.01276,1.42115105,-0.592206377
0.01277,-0.900079539,0.850080147
0.01278,1.49583807,0.563264672
0.01279,-0.157037227,0.740900884
0.0128,1.42059393,0.439514752
0.01281,-0.506401847,1.55906793
0.01282,0.293956411,0.694706348
0.01283,-0.0850713941,-0.179127559
0.01284,-0.922212085,1.31609646
0.01285,-0.0408377007,-1.54359474
0.01286,0.233133519,0.866837078
0.01287,-1.3402773,0.753568067
0.01288,1.04098272,0.0809250822
0.01289,-0.0803151953,-0.537730344
0.0129,-0.312968903,-0.00290032701
0.01291,0.655744569,-0.902328968
0.01292,-0.657437232,1.07148979
0.01293,-1.16431147,0.119309758
0.01294,0.0894755678,-0.0386815733
0.01295,0.241968858,0.0279309042
0.01296,-0.317898586,-0.755657144
0.01297,0.781109204,-0.841616801
0.01298,0.254429946,0.471710493
0.01299,-0.0750338776,1.26447131
0.013,0.055462895,-0.111702083
0.01301,-0.0568843368,0.320631848
0.01302,-0.55486338,-0.704727887
0.01303,-0.347415855,-0.340646917
0.01304,0.00624103921,-0.794056919
0.01305,-0.427536718,-0.941992944
0.01306,1.18734384,-0.157601571
0.01307,0.325181872,0.3552058
0.01308,-0.82634087,-1.50113059
0.01309,-0.0685648109,0.548465501
0.0131,0.0751741558,-0.317464582
0.01311,1.06487288,-0.437816711
0.01312,0.126623399,0.133190189
0.01313,0.480387981,-0.838995364
0.01314,0.896239064,0.321949637
0.01315,-0.379861275,-1.1489266
0.01316,0.0556016609,2.08254963
0.01317,-0.684231533,0.45801149
0.01318,-0.173110508,0.887214415
0.01319,-0.0335442816,-0.112289529
0.0132,-1.12123933,-1.20788644
0.01321,0.443969547,0.437439841
0.01322,0.677686967,-0.980706041
0.01323,-0.26994538,-0.88898646
0.01324,0.42757371,0.70875843
0.01325,-0.071929613,1.04878137
0.01326,0.143995799,-0.0138950611
0.01327,0.706795931,0.402217946
0.01328,0.213484477,-0.983736078
0.01329,0.012918187,0.0928819244
0.0133,-0.857809878,0.384140948
0.01331,-0.780554283,0.387487374
0.01332,-0.698142939,-0.674041409
0.01333,-0.76420591,-0.330384603
0.01334,-0.603384907,0.441685028
0.01335,0.785027487,0.489896998
0.01336,-0.291791182,-0.571973073
0.01337,0.460038992,0.426994732
0.01338,0.133846624,-2.31891162
0.01339,0.324081547,0.729502122
0.0134,0.147651434,-1.47261651
0.01341,0.420604464,1.09478034
0.01342,-0.0993789218,1.48894335
0.01343,0.297772508,0.62014873
0.01344,-0.249566457,-0.730986002
0.01345,-0.955786747,-0.0384235422
0.01346,0.386005985,-0.763167878
0.01347,-0.78914202,-1.22298847
0.01348,1.88971164,-0.169963208
0.01349,0.420906851,-0.250932298
0.0135,0.339196475,1.16733262
0.01351,-0.527919403,-0.428283469
0.01352,-0.190692452,0.638974503
0.01353,0.080523568,1.12075631
0.01354,-0.148089134,0.0829983075
0.01355,0.917119819,-0.175772801
0.01356,-1.01510852,-0.538330495
0.01357,0.178223071,1.12803011
0.01358,0.162333431,-0.0656757887
0.01359,-0.128828706,-0.1351305
0.0136,-0.0977653823,-0.0764087802
0.01361,-0.170866575,0.0366126934
0.01362,-0.732464495,0.839133102
0.01363,-0.7740345,0.780636871
0.01364,0.522519439,-0.647977522
0.01365,-0.0614311492,-0.761125277
0.01366,0.236938427,0.17942194
0.01367,-0.575889776,0.483091183
0.01368,0.713545793,1.01176355
0.01369,0.122671019,0.556282376
0.0137,-0.0641567941,-0.22548451
0.01371,-0.278575333,0.561969638
0.01372,-0.575949429,-1.31387015
0.01373,0.988526758,0.802331781
0.01374,1.56928832,0.91395134
0.01375,-0.485008476,-0.246129594
0.01376,0.170326848,0.0896192969
0.01377,-0.556935227,-0.394225969
0.01378,0.553837366,-1.53623526
0.01379,1.00360649,-0.41859644
0.0138,0.738960801,-0.085877855
0.01381,0.846917819,-1.21275009
0.01382,0.870642668,0.59096632
0.01383,-0.369779651,-1.26154893
0.01384,-0.758691923,1.02876498
0.01385,-1.00910401,-0.386999272
0.01386,-0.744019143,-0.457307894
0.01387,0.573647382,0.326315151
0.01388,1.11205373,0.245202682
0.01389,-0.568942473,0.861823182
0.0139,0.613818535,0.286792702
0.01391,-0.36529124,0.488308135
0.01392,-0.693554762,-0.182571292
0.01393,0.682967165,0.273975333
0.01394,-0.290236068,0.169484733
0.01395,0.495680038,-1.11881256
0.01396,1.70392495,0.94343913
0.01397,-0.0433520045,1.32186058
0.01398,0.318130421,0.000422239468
0.01399,-0.165236911,-0.387274579
0.014,-0.111477853,-0.327007827
0.01401,0.72986233,-0.317847237
0.01402,0.123449242,-0.537850775
0.01403,0.986383625,-1.11864416
0.01404,1.15580331,-1.49257613
0.01405,-0.45783356,0.596030893
0.01406,0.20926137,0.334832291
0.01407,-1.3381636,-1.87341486
0.01408,-0.115349448,0.433172497
0.01409,-0.337357187,-0.190694501
0.0141,1.23689925,-0.349449381
0.01411,-0.294478596,0.645789333
0.01412,-0.398501333,0.0836807818
0.01413,0.222716396,0.827836826
0.01414,0.556307168,-0.813650033
0.01415,-0.529681122,-0.458077517
0.01416,-0.532020794,-1.06817352
0.01417,-0.354993604,-0.338766451
0.01418,-0.102270082,1.06440584
0.01419,-0.824536325,0.172113085
0.0142,0.11327208,1.67153963
0.01421,0.271991727,0.212325372
0.01422,-0.88787801,0.369468478
0.01423,0.609632716,0.404652074
0.01424,0.347287117,-1.64321927
0.01425,0.225280317,-0.309939242
0.01426,-0.510221104,-0.735336245
0.01427,-0.499035008,0.72506182
0.01428,-0.160261607,0.693520165
0.01429,1.03684208,-0.739271914
0.0143,-0.430239084,0.343668138
0.01431,-0.143054406,-0.574927363
0.01432,-0.703311764,0.683603848
0.01433,0.0968703631,-0.189303486
0.01434,1.28211698,0.370023279
0.01435,-0.729376154,-0.569925082
0.01436,0.548078453,0.345564091
0.01437,-1.43347041,0.94092739
0.01438,-0.365192081,0.134899786
0.01439,0.0238196701,0.629818292
0.0144,0.217404899,0.863274416
0.01441,1.15673481,-0.335308681
0.01442,-0.0189337758,0.698879691
0.01443,0.505765126,-0.237137271
0.01444,-0.403151122,1.14300668
0.01445,1.12060598,0.73727719
0.01446,-0.0173496963,-0.431281168
0.01447,0.355328985,-0.425840504
0.01448,0.946698666,-0.451479911
0.01449,-0.743076482,0.959199504
0.0145,-0.807310874,-0.328059597
0.01451,0.465522597,1.53246402
0.01452,-0.774271624,-0.155017939
0.01453,0.889308174,0.133564102
0.01454,-0.694868827,-0.338789145
0.01455,-1.12493543,-1.19504162
0.01456,-0.670466098,1.17087783
0.01457,-0.454905468,-0.257329442
0.01458,0.184535799,-0.0216611849
0.01459,-0.426024158,-0.420139373
0.0146,-0.568898358,-0.0244551209
0.01461,0.144770918,0.697256313
0.01462,1.24997561,-0.0313046548
0.01463,-0.0307912469,2.0019025
0.01464,0.191384119,-0.0876307989
0.01465,0.350662436,-0.012629656
0.01466,-0.429855713,-0.826155741
0.01467,-0.168182357,0.330082249
0.01468,-0.00494516958,-1.0665278
0.01469,0.333274933,1.30976629
0.0147,-1.99393777,0.0831798815
0.01471,0.27681169,0.0762454739
0.01472,-0.279838199,-0.645182427
0.01473,-0.748068952,-0.411401694
0.01474,-0.169235617,1.34210871
0.01475,1.19258058,-0.196799335
0.01476,-0.703810078,-0.145322715
0.01477,0.625091183,0.971092011
0.01478,-1.05836696,-0.292536032
0.01479,-0.442390341,0.348234683
0.0148,0.405319838,0.0318942178
0.01481,0.780761456,-0.801812783
0.01482,0.584286645,0.689034375
0.01483,-0.0912786654,0.90121733
0.01484,0.772936383,-0.0824607473
0.01485,-0.384853379,0.859492721
0.01486,1.34796437,0.14992487
0.01487,-0.539279905,-0.311735345
0.01488,0.32189377,-0.247482153
0.01489,-0.371988168,0.128736378
0.0149,-0.674419619,-0.52621264
0.01491,0.195451031,-0.491253989
0.01492,-0.874352644,1.87842321
0.01493,-0.536560169,0.327400045
0.01494,-0.221840461,1.51815314
0.01495,-1.17930511,-0.198906718
0.01496,0.154378973,-1.07450721
0.01497,0.0148527372,0.88925217
0.01498,-0.325972726,0.182680968
0.01499,-0.198604872,1.04499282
0.015,1.06368048,0.684844667
0.01501,0.538434864,1.20799521
0.01502,0.363853852,-0.726875409
0.01503,0.521558757,-0.859812398
0.01504,-0.231356543,-0.807831027
0.01505,-0.455495056,0.0598315196
0.01506,0.242546281,-0.453752674
0.01507,-1.20196096,0.0673752852
0.01508,0.0961184634,-0.875268199
0.01509,0.915964399,0.539496341
0.0151,0.161896072,0.0107905268
0.01511,-1.34696363,0.11408517
0.01512,-0.743399722,-0.0935700867
0.01513,0.192264076,0.276374775
0.01514,0.85612769,-0.645712402
0.01515,-1.80566942,0.312126192
0.01516,-0.434553251,0.384675965
0.01517,0.332447139,-0.353591972
0.01518,-0.0624045805,-0.134828387
0.01519,-0.790053134,-0.814717686
0.0152,0.366846198,0.219370165
0.01521,-0.96770511,-0.158769731
0.01522,-0.561559382,-0.111206037
0.01523,-0.969454336,0.392789344
0.01524,0.845794503,1.17874612
0.01525,0.602668163,0.3904956
0.01526,0.308661261,0.0966912496
0.01527,-0.707500253,-0.219677358
0.01528,-0.0779717474,1.27065335
0.01529,-0.292852127,-0.295352657
0.0153,0.668155248,-0.944924799
0.01531,0.0867656017,-0.730918853
0.01532,-1.47460249,0.284545997
0.01533,0.0806371855,0.361686628
0.01534,0.359809698,0.310132757
0.01535,0.621589112,0.559381465
0.01536,0.104089416,-0.660677847
0.01537,-0.0823544425,0.00387495709
0.01538,0.705725657,-0.611364954
0.01539,-1.15066164,-0.203127928
0.0154,0.106416114,-1.11058228
0.01541,0.149456312,0.741864636
0.01542,0.560678828,0.0346412718
0.01543,0.918111124,1.20295441
0.01544,0.169385058,-0.0848211829
0.01545,-0.949432419,0.0422041024
0.01546,-0.536735895,-1.16707288
0.01547,0.838256222,1.29532192
0.01548,-0.0557191156,-1.00970782
0.01549,0.594235291,0.676094149
0.0155,-0.435625672,-1.07442252
0.01551,0.0595129024,0.464411966
0.01552,0.0104200276,-0.631626061
0.01553,-0.184353696,-0.219292633
0.01554,-0.024628573,-0.444129188
0.01555,-0.502935283,0.376028528
0.01556,0.453765311,-0.011497538
0.01557,0.00617284655,-0.925547048
0.01558,-0.333718209,0.268930285
0.01559,0.547916968,0.0974304087
0.0156,-0.943748613,0.412327116
0.01561,0.127055529,0.467345947
0.01562,0.832980695,-0.0418834337
0.01563,0.179826824,0.279823364
0.01564,1.12805024,0.213733476
0.01565,0.2157284,0.950840238
0.01566,1.25577316,-0.375053954
0.01567,0.676754031,0.624114323
0.01568,0.21653201,0.718368078
0.01569,-0.597135863,0.553471569
0.0157,0.402406469,1.56643849
0.01571,-0.388778637,-1.81100358
0.01572,-0.0337541271,-0.604516859
0.01573,1.41962776,-0.867602786
0.01574,0.0275420398,0.0189802778
0.01575,0.691745697,0.227690922
0.01576,-0.0998180549,-0.840740607
0.01577,-0.957289135,0.608002048
0.01578,0.0831424264,0.436202617
0.01579,0.354886988,-0.0629333785
0.0158,0.459224842,-0.735127166
0.01581,-1.82347667,0.0500888466
0.01582,0.574832533,0.180558853
0.01583,0.664619946,1.26852107
0.01584,1.20824443,0.659698839
0.01585,-0.525961559,0.166997835
0.01586,-0.736489694,-0.00310749756
0.01587,-1.28562286,0.166267192
0.01588,0.827856304,-0.564076142
0.01589,0.203095482,0.102398121
0.0159,-0.0545141664,-0.620586247
0.01591,-1.02323166,0.216600621
0.01592,-0.0335310423,-0.680220428
0.01593,0.107014675,0.264701929
0.01594,-0.232794176,-0.809429578
0.01595,0.774965992,0.0982918298
0.01596,-0.500506893,-0.0681300007
0.01597,-1.05067946,0.104845599
0.01598,-0.711045454,-0.121643558
0.01599,0.0525804771,0.801406045
0.016,-0.825663758,0.778679633
0.01601,-0.526297273,-0.576008375
0.01602,0.45559501,-0.486847807
0.01603,-0.275845682,0.712152295
0.01604,-1.12518567,-0.160061989
0.01605,0.56485584,0.351827676
0.01606,-0.747505658,-0.660608993
0.01607,-1.43797378,-1.0313759
0.01608,-1.77885793,0.18680915
0.01609,-1.07419718,-0.811776943
0.0161,-0.0133438055,-0.384754038
0.01611,-0.466427929,1.30911069
0.01612,-0.397376275,1.00515757
0.01613,-0.15235938,0.0841742686
0.01614,0.688568202,0.0511873097
0.01615,0.908448613,1.29996755
0.01616,-0.387060916,0.0925689867
0.01617,1.03005833,-0.805724415
0.01618,0.420177975,0.154997288
0.01619,-0.511419877,-0.0388766871
0.0162,0.411304648,-0.161484072
0.01621,0.232384817,0.278253293
0.01622,0.592426633,0.123638052
0.01623,0.310667133,0.902683684
0.01624,-0.0846790913,0.287502442
0.01625,-0.156956844,-0.491045731
0.01626,0.352166713,0.482237172
0.01627,-0.100730898,1.16584493
0.01628,-0.718278453,-1.396982
0.01629,0.178578856,-0.218545616
0.0163,-0.101255967,0.500959708
0.01631,-0.416287189,-1.33346688
0.01632,0.227021588,-0.391742896
0.01633,-0.55585085,0.0983976879
0.01634,0.545156993,-0.501465608
0.01635,0.113948223,1.53582709
0.01636,-0.77480524,-0.129119924
0.01637,1.80677168,0.68762358
0.01638,-0.0102988034,-0.687857849
0.01639,0.472113272,-0.0946666773
0.0164,-0.0176914825,0.184161353
0.01641,0.216982411,-0.0519013101
0.01642,-0.537865607,-0.131699553
0.01643,0.929551814,0.134595529
0.01644,0.903491362,0.474178604
0.01645,0.281957706,-0.757639449
0.01646,-0.386890048,-0.17629773
0.01647,-0.676665191,0.570826234
0.01648,0.764912583,-0.720385998
0.01649,0.0670180626,-0.0529370647
0.0165,-1.36936122,0.42096265
0.01651,0.417349981,0.712914775
0.01652,-0.444218585,-0.320179744
0.01653,2.11021457,0.053601149
0.01654,-1.51081592,-0.654361185
0.01655,-0.173800144,0.0843947865
0.01656,-1.05281183,0.375819197
0.01657,0.4738693,0.536426677
0.01658,0.450798577,0.462459012
0.01659,-0.619397622,-0.0293680657
0.0166,0.337416052,-0.967071994
0.01661,-0.0788810177,-0.866238587
0.01662,0.43386049,-0.306879587
0.01663,-0.833049129,1.26153747
0.01664,0.538000056,-0.778937433
0.01665,-0.178558532,-1.10438107
0.01666,-0.362583942,0.515165736
0.01667,-0.0232413734,0.141615604
0.01668,-0.398197156,-0.243699775
0.01669,1.16946278,0.133881617
0.0167,1.31863644,1.00876587
0.01671,0.0163813329,-0.407699049
0.01672,-1.29688117,0.623591911
0.01673,-0.469668542,0.0344955494
0.01674,-0.708500029,1.23052574
0.01675,1.42648006,0.0880659182
0.01676,1.13854151,0.664511735
0.01677,0.490923962,0.152118996
0.01678,-0.664396992,-1.33229403
0.01679,-0.599417438,-0.277293799
0.0168,0.166130087,0.679099782
0.01681,1.34397489,-0.547447616
0.01682,0.32248903,0.368989072
0.01683,-0.146320536,-0.557787554
0.01684,0.530366493,0.469476792
0.01685,0.482494932,1.20614897
0.01686,-0.704811519,0.17723769
0.01687,0.426199877,-0.85804023
0.01688,1.23569788,0.0260109826
0.01689,-0.204851847,-0.82600881
0.0169,1.59233423,1.30507902
0.01691,-0.104190659,1.04344536
0.01692,-0.0349847479,-1.10944019
0.01693,0.534343124,0.0151475316
0.01694,0.090708551,0.0769105339
0.01695,-0.441352681,0.436538716
0.01696,-0.522579751,0.200337226
0.01697,-0.0585694509,2.16533303
0.01698,-0.579681806,-0.642379474
0.01699,0.425395198,0.183744092
0.017,-0.276520497,-1.64095948
0.01701,-0.339684358,0.834242928
0.01702,0.384511383,0.276708738
0.01703,0.264114904,0.566644002
0.01704,0.869986361,0.10133967
0.01705,-0.915896632,-0.388806727
0.01706,-0.205894516,0.874155442
0.01707,-1.0236704,0.0983606481
0.01708,0.500925242,-0.642581898
0.01709,0.525009598,-0.0710307215
0.0171,-0.0616882005,0.310060541
0.01711,-0.959674985,0.940704002
0.01712,0.0165553682,-0.241125279
0.01713,0.561206807,-0.837825901
0.01714,-0.0781582214,0.72213538
0.01715,-1.35743234,-0.947932062
0.01716,-1.11665519,-0.858248007
0.01717,0.268067185,0.182584052
0.01718,-0.679755797,0.100419228
0.01719,-1.53412662,0.115539806
0.0172,-1.28471375,-0.413066688
0.01721,-0.544382869,-1.6796173
0.01722,-0.563974209,-0.450487681
0.01723,0.145760854,0.216423217
0.01724,0.479329443,-1.19803
0.01725,1.90613363,0.50095866
0.01726,0.587106522,0.340325893
0.01727,0.51658759,-0.535211985
0.01728,0.65682372,-0.834215584
0.01729,0.129193523,-1.35397502
0.0173,0.459919496,-0.671218614
0.01731,0.440738187,-1.02944971
0.01732,-0.342887611,0.394002476
0.01733,0.237446992,-0.148015371
0.01734,1.62832545,0.711632539
0.01735,-0.590494948,-0.763331642
0.01736,-0.452174883,0.609228829
0.01737,-1.37758351,-1.19588453
0.01738,0.192908515,-0.685440804
0.01739,0.118245932,0.122406309
0.0174,-1.02323157,0.806158115
0.01741,-0.579040721,0.0523697166
0.01742,-1.04092228,0.0632397272
0.01743,-0.142008072,-1.08538383
0.01744,1.39537044,0.629800418
0.01745,0.751877014,1.0412915
0.01746,-0.806419047,-0.710796554
0.01747,0.423177421,-0.656102751
0.01748,0.884074019,1.12770344
0.01749,-0.118569614,-0.624050418
0.0175,-0.7884366,-0.606271108
0.01751,-0.36688549,0.265142444
0.01752,0.954007571,0.848267896
0.01753,-1.24380687,0.177341873
0.01754,0.114550655,0.246990098
0.01755,1.34202352,0.10199913
0.01756,1.88357653,0.355805917
0.01757,0.788668074,0.249550141
0.01758,-0.784914257,-0.0185080196
0.01759,0.341323129,-0.358338322
0.0176,-0.934070759,0.236344086
0.01761,0.10365018,0.144998236
0.01762,0.299225197,-0.90467646
0.01763,-0.562042128,0.715035732
0.01764,1.17321952,-1.44422939
0.01765,0.249909301,1.25502577
0.01766,1.2007038,-0.744181866
0.01767,-1.1080867,-0.526998249
0.01768,0.473058122,0.193750289
0.01769,-1.13611375,-0.449489204
0.0177,-0.478735625,0.31390756
0.01771,-1.7410495,0.00686732627
0.01772,0.0955752953,1.12341497
0.01773,-0.963660224,0.27569364
0.01774,-0.313275562,-0.0821094838
0.01775,0.271309277,1.02036284
0.01776,0.452415357,-0.812194934
0.01777,0.559758514,0.474560536
0.01778,1.06695505,1.8376111
0.01779,-0.291796354,-0.766563701
0.0178,0.465310463,0.479550192
0.01781,-0.498432758,-0.244125385
0.01782,-0.0683915961,0.583072851
0.01783,0.791205689,0.428090265
0.01784,-0.870202627,0.183283273
0.01785,1.16143326,-0.3111639
0.01786,0.552106906,-0.650475191
0.01787,-0.995147971,0.448791634
0.01788,-0.0409530105,0.053154034
0.01789,0.0679347402,-1.3896113
0.0179,-0.749587137,-0.254394395
0.01791,0.395407325,-0.486616126
0.01792,0.113918927,-0.642489143
0.01793,-0.394421378,0.833369621
0.01794,1.18729315,-0.245126313
0.01795,-0.50887431,-0.369850535
0.01796,1.12035915,-0.570886368
0.01797,-0.157603525,0.227936532
0.01798,0.459488814,0.0297154021
0.01799,0.429960442,0.593164129
0.018,-0.570561323,-0.178703912
0.01801,0.356682789,0.0326591129
0.01802,1.87870347,-0.779719107
0.01803,-1.15562872,-0.564431437
0.01804,0.460777873,0.604849585
0.01805,1.2739255,-0.585084889
0.01806,0.324915596,1.51194135
0.01807,-0.784255768,0.574291107
0.01808,0.35182152,0.293125518
0.01809,0.408373757,0.335141782
0.0181,0.283283233,0.231304662
0.01811,0.313924591,-0.421666435
0.01812,0.772120112,0.0754444504
0.01813,-1.27626082,-0.355028139
0.01814,-0.211189844,-0.0859827983
0.01815,0.291053207,0.0922588108
0.01816,0.246238193,1.60581669
0.01817,0.246004662,-0.59914398
0.01818,-0.175575012,0.55366323
0.01819,-1.35427882,-0.555197873
0.0182,-0.387787818,0.0610648758
0.01821,-0.189995325,0.16153645
0.01822,0.175115665,0.234285869
0.01823,-0.957562799,-1.20759359
0.01824,-0.898988611,-0.621157519
0.01825,-0.584344473,-0.283286994
0.01826,-0.820437534,-0.6750969
0.01827,-0.652669735,0.590764
0.01828,0.870830472,-0.396998963
0.01829,-0.647945056,-0.0605510214
0.0183,-1.44113492,-0.870249326
0.01831,-1.07055812,0.25530568
0.01832,0.789512559,-0.0454349661
0.01833,-0.310343908,-1.04965141
0.01834,1.06467037,0.235678262
0.01835,0.701259056,0.2614063
0.01836,-0.959990243,0.703949239
0.01837,0.587227933,-0.338868348
0.01838,0.346901053,-0.384034879
0.01839,0.559354179,0.321729354
0.0184,-0.788663864,-0.387700091
0.01841,-0.318040202,-0.0585690309
0.01842,0.184093544,-1.53375948
0.01843,0.0700932972,-0.0916257864
0.01844,-0.496357573,-0.729642302
0.01845,0.173021516,-0.538996217
0.01846,-0.256952851,0.371160727
0.01847,0.689502346,-0.417834088
0.01848,0.301974753,-0.100017421
0.01849,0.287165432,-0.902477757
0.0185,0.767972406,0.160456383
0.01851,0.412310964,-0.777019564
0.01852,0.701662749,1.09926151
0.01853,-1.74397696,0.768190852
0.01854,0.314597535,-0.684732548
0.01855,-0.708382268,1.013814
0.01856,0.800098084,-1.50228917
0.01857,-0.215533555,0.188912986
0.01858,-1.06833887,0.400227589
0.01859,0.934948917,1.49248926
0.0186,0.218125434,-0.642544379
0.01861,-0.210316743,0.760891636
0.01862,-1.07000138,0.734893922
0.01863,-0.0898193921,0.25843371
0.01864,-0.141931081,0.0660716648
0.01865,-0.274320504,0.0255310534
0.01866,0.32786549,0.198983862
0.01867,0.827149261,1.45314152
0.01868,0.0098692275,-0.603089353
0.01869,0.261769683,0.940235818
0.0187,-0.531024957,-0.2979628
0.01871,0.50169741,-0.717523803
0.01872,-1.00945668,1.37266143
0.01873,0.60998274,0.56260819
0.01874,0.475362649,0.0628801817
0.01875,1.48065454,-0.0741813937
0.01876,0.374952007,0.139190713
0.01877,0.509891415,-0.571377057
0.01878,-0.632196563,-0.20766826
0.01879,0.608576956,-0.0507098945
0.0188,0.221243704,-0.900889268
0.01881,-0.0753409703,-0.159066337
0.01882,0.919677763,0.551816051
0.01883,-0.0843013124,-1.58520719
0.01884,-0.00185514274,0.575969787
0.01885,-1.26299102,-0.261596554
0.01886,-1.58472291,0.887006072
0.01887,0.632716492,-0.137196027
0.01888,-1.2780479,-0.531196447
0.01889,0.235157814,0.49896224
0.0189,0.345232982,0.087639522
0.01891,1.35300321,0.217071548
0.01892,-0.623150639,-0.177270483
0.01893,-1.18693448,-0.0403962473
0.01894,0.856485124,0.00270552944
0.01895,0.578904151,0.228708667
0.01896,0.824640929,0.241518774
0.01897,-0.564493569,-0.460698226
0.01898,-0.206716681,0.191757484
0.01899,0.239572525,-1.09072201
0.019,0.173620363,-0.835048407
0.01901,0.061510047,-0.178491049
0.01902,0.160723861,0.384317009
0.01903,1.71132063,-0.814050927
0.01904,0.891194084,1.21691578
0.01905,-0.690388259,-1.0374092
0.01906,-0.000353551004,-0.823639348
0.01907,0.230673338,0.0645391744
0.01908,1.05857275,0.817528466
0.01909,-1.05084799,0.231797013
0.0191,0.86154209,1.62405862
0.01911,0.696556728,-0.195765841
0.01912,0.632769061,0.687615962
0.01913,0.795281169,0.207083859
0.01914,0.780763292,-0.310258342
0.01915,-0.386697572,-0.651378582
0.01916,0.524346293,-0.7191893
0.01917,-0.722990772,1.44386622
0.01918,0.924384998,0.124122171
0.01919,0.723155945,-0.498615298
0.0192,0.639167593,0.963090748
0.01921,0.40997973,0.141403436
0.01922,0.844909407,-0.577525918
0.01923,0.0376022601,-0.146409443
0.01924,0.591595178,1.55826123
0.01925,0.0737872968,-0.644244463
0.01926,0.752436778,-0.636608202
0.01927,0.450040476,0.96336674
0.01928,-0.562843634,0.269426725
0.01929,-0.852989358,0.923604515
0.0193,-0.00206068523,0.695654996
0.01931,1.45633875,1.1693125
0.01932,0.804823901,-0.641443171
0.01933,-1.53481512,0.562054203
0.01934,-0.573968691,-0.0339291487
0.01935,-0.236910415,-0.884319127
0.01936,-0.953686565,0.341666193
0.01937,-0.265285168,-0.0978473578
0.01938,0.484944424,-0.249323892
0.01939,-1.2003603,0.739143806
0.0194,1.93284931,0.0286099514
0.01941,-0.433229329,-0.641292649
0.01942,0.339312974,-0.65072868
0.01943,0.701104524,0.842692624
0.01944,-0.546794326,-1.10570243
0.01945,-1.11122911,-0.125121291
0.01946,0.595491336,-0.239571405
0.01947,1.04577454,0.171472756
0.01948,-0.959959987,-0.342479332
0.01949,-0.476632645,-1.71770656
0.0195,-0.400100536,0.130606516
0.01951,-0.399915249,-0.0798109764
0.01952,0.426883685,0.0439357134
0.01953,-0.487344527,-0.836633722
0.01954,-0.049905335,-0.198277029
0.01955,-0.00728063524,-0.471724236
0.01956,0.673744449,0.593989736
0.01957,-1.56102409,-0.0780956482
0.01958,-0.488915402,-0.106706034
0.01959,0.807422151,-0.586073534
0.0196,0.0174915952,0.483378654
0.01961,-0.120799596,-0.702439324
0.01962,-0.28151135,0.406267156
0.01963,-0.187166161,-0.497151077
0.01964,0.696474804,0.672872559
0.01965,-0.703434437,0.0932385059
0.01966,-1.09445453,-0.329684931
0.01967,0.297090294,-0.00245691906
0.01968,0.0638035108,0.214251525
0.01969,0.00834325602,-0.0202630626
0.0197,-0.079062025,0.301219547
0.01971,-0.209572969,-1.44059518
0.01972,0.905799723,1.01312532
0.01973,-1.67888219,0.0683144197
0.01974,0.400768976,0.188271192
0.01975,-0.84234699,0.0658149354
0.01976,0.790230841,-0.359430424
0.01977,0.34429138,0.740414598
0.01978,0.709730609,0.499291804
0.01979,-0.688389528,-0.584418218
0.0198,-0.83542509,0.981014928
0.01981,-0.720270609,0.838558666
0.01982,0.178837496,0.268968183
0.01983,-0.680264698,-0.0216525606
0.01984,-0.400799097,-0.768433544
0.01985,-0.516204255,1.09424179
0.01986,-0.192954708,-0.912065761
0.01987,2.04326993,-0.88078604
0.01988,-0.628666961,-0.29585908
0.01989,0.569119925,0.0903138748
0.0199,0.547304517,-0.199810813
0.01991,-1.1594687,-0.0930616658
0.01992,-0.647630325,0.0808088196
0.01993,0.716793938,0.119190453
0.01994,0.230497485,-0.411953305
0.01995,0.612901806,-0.590365758
0.01996,0.877455132,0.302479128
0.01997,-0.096618877,0.887397164
0.01998,-0.632122955,0.766487137
0.01999,0.0181955852,-0.1630256
